timestamp,sensor,azimuth,elevation
0.0,EO,89.998,30.995
0.0,EO,90.032,20.591
0.1,EO,89.903,30.972
0.1,EO,89.838,20.611
0.1,EO,174.804,11.648
0.2,EO,89.643,30.89
0.2,EO,89.669,20.616
0.3,EO,89.57,30.996
0.3,EO,89.733,20.666
0.4,EO,89.431,30.978
0.4,EO,89.688,20.749
0.5,EO,89.316,30.995
0.5,EO,89.588,20.62
0.6,EO,89.309,31.105
0.6,EO,89.512,20.729
0.6,EO,127.865,32.111
0.7,EO,89.223,30.975
0.7,EO,89.422,20.715
0.8,EO,89.354,20.73
0.9,EO,88.894,30.962
0.9,EO,89.289,20.774
1.0,EO,88.813,30.978
1.0,EO,89.225,20.846
1.0,EO,95.728,14.156
1.1,EO,88.688,30.989
1.1,EO,89.185,20.823
1.2,EO,88.523,30.866
1.2,EO,89.083,20.757
1.3,EO,88.435,30.929
1.3,EO,88.944,20.826
1.4,EO,88.36,30.999
1.4,EO,88.947,20.877
1.4,EO,160.874,19.169
1.5,EO,88.222,30.912
1.5,EO,88.846,20.924
1.6,EO,88.127,31.004
1.6,EO,88.89,20.919
1.6,EO,25.579,23.691
1.7,EO,88.007,31.012
1.7,EO,88.682,21.097
1.8,EO,87.842,30.9
1.8,EO,88.606,20.992
1.9,EO,87.72,30.892
1.9,EO,88.579,21.026
2.0,EO,87.611,30.917
2.0,EO,88.539,21.065
2.0,EO,20.523,41.833
2.1,EO,87.503,30.899
2.1,EO,88.383,20.997
2.1,EO,126.949,3.022
2.2,EO,87.401,31.045
2.2,EO,88.23,21.031
2.3,EO,87.299,30.913
2.3,EO,88.274,21.142
2.4,EO,87.192,30.943
2.4,EO,88.162,21.13
2.5,EO,87.049,30.923
2.5,EO,88.125,21.208
2.6,EO,86.984,30.96
2.6,EO,88.058,21.227
2.7,EO,86.804,30.927
2.7,EO,87.937,21.169
2.7,EO,110.239,33.956
2.8,EO,86.678,30.936
2.8,EO,87.894,21.335
2.9,EO,86.565,30.857
2.9,EO,87.742,21.198
2.9,EO,35.963,13.154
3.0,EO,86.465,30.848
3.0,EO,87.736,21.243
3.1,EO,86.388,30.973
3.1,EO,87.63,21.332
3.2,EO,86.218,30.928
3.2,EO,87.611,21.35
3.2,EO,69.243,8.132
3.3,EO,86.202,30.939
3.3,EO,87.386,21.324
3.4,EO,86.08,30.951
3.4,EO,87.248,21.307
3.5,EO,85.835,30.963
3.5,EO,87.378,21.409
3.6,EO,85.855,31.012
3.6,EO,87.165,21.442
3.7,EO,85.685,30.953
3.7,EO,87.295,21.406
3.8,EO,85.568,30.846
3.8,EO,87.065,21.486
3.9,EO,85.479,30.951
3.9,EO,87.05,21.506
4.0,EO,85.389,30.901
4.0,EO,86.95,21.628
4.1,EO,85.314,30.936
4.1,EO,86.731,21.566
4.1,EO,24.082,31.224
4.2,EO,85.059,30.888
4.3,EO,85.162,30.912
4.3,EO,86.733,21.663
4.4,EO,84.9,30.906
4.4,EO,86.602,21.579
4.5,EO,84.828,30.893
4.5,EO,86.541,21.579
4.6,EO,84.698,30.917
4.6,EO,86.529,21.613
4.7,EO,84.695,30.926
4.7,EO,86.351,21.643
4.7,EO,35.637,34.439
4.8,EO,84.437,30.725
4.8,EO,86.255,21.713
4.9,EO,84.381,30.766
4.9,EO,86.243,21.705
5.0,EO,84.284,30.835
5.0,EO,86.163,21.677
5.1,EO,84.057,30.81
5.1,EO,86.014,21.814
5.2,EO,84.015,30.793
5.2,EO,85.994,21.766
5.3,EO,83.87,30.704
5.3,EO,85.838,21.912
5.4,EO,83.83,30.885
5.4,EO,85.77,21.889
5.4,EO,93.556,16.57
5.5,EO,83.666,30.868
5.5,EO,85.691,21.882
5.6,EO,83.6,30.755
5.6,EO,85.625,21.859
5.7,EO,83.386,30.814
5.7,EO,85.548,21.935
5.8,EO,83.359,30.835
5.8,EO,85.453,21.933
5.8,EO,49.896,2.4
5.9,EO,83.168,30.768
5.9,EO,85.439,21.95
6.0,EO,83.033,30.717
6.0,EO,85.247,21.97
6.1,EO,83.049,30.81
6.1,EO,85.2,22.008
6.1,EO,113.631,27.907
6.1,EO,115.058,31.072
6.2,EO,85.095,22.065
6.3,EO,85.061,22.121
6.4,EO,82.656,30.758
6.4,EO,84.937,22.142
6.5,EO,82.642,30.746
6.5,EO,84.86,22.19
6.6,EO,82.47,30.769
6.6,EO,84.849,22.229
6.7,EO,82.291,30.709
6.7,EO,84.73,22.217
6.8,EO,82.195,30.804
6.8,EO,84.549,22.191
6.8,EO,166.713,1.171
6.9,EO,82.176,30.759
7.0,EO,81.942,30.776
7.0,EO,84.476,22.258
7.1,EO,81.813,30.668
7.1,EO,84.409,22.307
7.1,EO,120.131,20.554
7.2,EO,81.72,30.689
7.2,EO,84.206,22.325
7.3,EO,81.611,30.593
7.3,EO,84.188,22.22
7.4,EO,81.595,30.708
7.4,EO,84.188,22.434
7.4,EO,76.049,25.217
7.5,EO,81.431,30.796
7.5,EO,84.109,22.384
7.6,EO,81.255,30.627
7.6,EO,84.017,22.349
7.7,EO,81.201,30.691
7.7,EO,83.866,22.494
7.8,EO,81.03,30.768
7.8,EO,83.811,22.368
7.9,EO,80.975,30.557
7.9,EO,83.661,22.544
8.0,EO,80.907,30.6
8.0,EO,83.591,22.539
8.1,EO,80.778,30.606
8.1,EO,83.421,22.489
8.2,EO,80.587,30.711
8.2,EO,83.392,22.624
8.3,EO,80.506,30.688
8.3,EO,83.297,22.57
8.4,EO,80.399,30.613
8.4,EO,83.31,22.58
8.5,EO,80.262,30.633
8.5,EO,83.113,22.574
8.6,EO,80.262,30.57
8.6,EO,83.193,22.593
8.7,EO,80.133,30.546
8.7,EO,82.955,22.684
8.8,EO,79.98,30.528
8.8,EO,82.878,22.624
8.9,EO,79.826,30.557
9.0,EO,79.807,30.538
9.0,EO,82.705,22.763
9.1,EO,79.535,30.575
9.1,EO,82.616,22.819
9.2,EO,79.52,30.456
9.2,EO,82.602,22.699
9.2,EO,158.774,35.888
9.3,EO,79.45,30.559
9.3,EO,82.467,22.776
9.4,EO,79.333,30.585
9.4,EO,82.348,22.864
9.4,EO,143.912,39.934
9.5,EO,79.177,30.459
9.5,EO,82.27,22.874
9.6,EO,79.016,30.516
9.6,EO,82.089,22.902
9.7,EO,78.915,30.489
9.7,EO,82.022,22.86
9.7,EO,112.818,15.898
9.7,EO,122.307,34.668
9.8,EO,78.919,30.446
9.8,EO,81.952,22.854
9.9,EO,78.792,30.455
9.9,EO,81.94,22.987
10.0,EO,78.635,30.523
10.0,EO,44.991,35.276
10.0,EO,81.854,22.958
10.0,EO,83.738,9.9
10.1,EO,78.428,30.547
10.1,EO,45.093,35.263
10.1,EO,81.707,23.009
10.2,EO,78.437,30.427
10.2,EO,45.099,35.245
10.2,EO,81.652,23.095
10.3,EO,78.299,30.437
10.3,EO,45.222,35.199
10.3,EO,81.495,23.041
10.4,EO,78.16,30.458
10.4,EO,45.368,35.048
10.4,EO,81.491,23.135
10.5,EO,78.085,30.506
10.5,EO,45.447,34.966
10.5,EO,81.331,23.095
10.6,EO,45.454,35.029
10.6,EO,81.299,23.063
10.7,EO,77.808,30.4
10.7,EO,45.712,35.042
10.7,EO,81.288,23.119
10.7,EO,112.153,18.904
10.8,EO,77.778,30.401
10.8,EO,45.717,34.892
10.8,EO,81.099,23.226
10.9,EO,77.613,30.348
10.9,EO,45.855,34.848
10.9,EO,81.045,23.227
11.0,EO,77.529,30.375
11.0,EO,45.854,34.738
11.0,EO,80.844,23.392
11.1,EO,77.448,30.435
11.1,EO,46.019,34.674
11.1,EO,80.735,23.169
11.2,EO,77.247,30.321
11.2,EO,46.102,34.737
11.2,EO,80.732,23.346
11.2,EO,139.804,6.658
11.3,EO,77.188,30.296
11.3,EO,46.169,34.644
11.3,EO,80.539,23.362
11.4,EO,77.136,30.298
11.4,EO,46.316,34.606
11.4,EO,80.507,23.395
11.5,EO,77.014,30.291
11.5,EO,46.356,34.476
11.5,EO,80.508,23.441
11.6,EO,76.923,30.268
11.6,EO,46.383,34.511
11.6,EO,80.36,23.427
11.7,EO,76.753,30.256
11.7,EO,46.596,34.552
11.7,EO,80.083,23.323
11.8,EO,76.623,30.364
11.8,EO,46.629,34.44
11.8,EO,80.136,23.516
11.9,EO,76.61,30.212
11.9,EO,46.702,34.284
11.9,EO,79.978,23.488
12.0,EO,76.541,30.196
12.0,EO,46.822,34.329
12.0,EO,79.852,23.556
12.1,EO,76.334,30.3
12.1,EO,46.894,34.292
12.1,EO,79.852,23.471
12.2,EO,76.342,30.232
12.2,EO,46.975,34.29
12.2,EO,79.717,23.545
12.3,EO,76.188,30.257
12.3,EO,47.07,34.352
12.3,EO,79.605,23.499
12.4,EO,75.994,30.276
12.4,EO,47.26,34.111
12.4,EO,79.523,23.485
12.5,EO,75.94,30.32
12.5,EO,47.228,34.15
12.5,EO,79.42,23.577
12.6,EO,75.693,30.129
12.6,EO,47.357,34.062
12.6,EO,79.352,23.67
12.7,EO,75.701,30.173
12.7,EO,47.363,34.073
12.7,EO,79.278,23.664
12.8,EO,75.576,30.229
12.8,EO,47.467,33.987
12.8,EO,79.137,23.706
12.9,EO,75.544,30.204
12.9,EO,47.553,33.963
12.9,EO,79.001,23.684
12.9,EO,7.732,32.462
13.0,EO,75.489,30.151
13.0,EO,47.685,33.936
13.0,EO,79.063,23.689
13.0,EO,132.314,32.027
13.1,EO,75.215,30.13
13.1,EO,47.708,33.932
13.1,EO,78.806,23.767
13.2,EO,75.188,30.06
13.2,EO,47.865,33.884
13.2,EO,78.729,23.827
13.3,EO,74.987,30.172
13.3,EO,48.043,33.821
13.3,EO,78.637,23.843
13.4,EO,48.066,33.754
13.4,EO,78.523,23.84
13.5,EO,74.869,30.095
13.5,EO,48.08,33.696
13.5,EO,78.402,23.87
13.6,EO,74.75,30.08
13.6,EO,48.196,33.681
13.6,EO,78.383,23.911
13.7,EO,48.256,33.56
13.7,EO,78.318,23.929
13.8,EO,74.661,30.031
13.8,EO,48.347,33.591
13.8,EO,78.159,24.015
13.9,EO,74.358,30.051
13.9,EO,48.421,33.49
13.9,EO,78.051,23.878
14.0,EO,74.324,30.045
14.0,EO,48.502,33.502
14.0,EO,77.933,23.929
14.1,EO,74.225,30.053
14.1,EO,48.657,33.353
14.1,EO,77.872,24.03
14.2,EO,74.01,29.956
14.2,EO,48.736,33.33
14.2,EO,77.726,24.006
14.3,EO,73.938,29.982
14.3,EO,48.778,33.407
14.3,EO,77.65,24.099
14.4,EO,73.931,29.95
14.4,EO,48.888,33.294
14.4,EO,77.575,24.123
14.5,EO,73.764,29.987
14.5,EO,49.0,33.291
14.5,EO,77.518,24.208
14.6,EO,73.666,29.855
14.6,EO,49.044,33.195
14.6,EO,77.352,24.151
14.7,EO,73.632,29.871
14.7,EO,49.089,33.208
14.7,EO,77.29,24.19
14.8,EO,73.408,29.925
14.8,EO,77.168,24.126
14.9,EO,73.355,29.956
14.9,EO,49.206,33.143
14.9,EO,77.065,24.16
15.0,EO,73.223,29.89
15.0,EO,49.373,33.132
15.0,EO,76.965,24.079
15.1,EO,73.094,29.925
15.1,EO,49.429,32.989
15.1,EO,76.785,24.289
15.2,EO,73.01,29.944
15.2,EO,49.49,33.03
15.2,EO,76.789,24.197
15.3,EO,72.874,29.832
15.3,EO,49.573,32.95
15.3,EO,76.666,24.311
15.4,EO,72.828,29.857
15.4,EO,49.725,32.928
15.4,EO,76.557,24.337
15.5,EO,72.694,29.79
15.5,EO,49.749,32.843
15.5,EO,76.47,24.329
15.6,EO,72.65,29.721
15.6,EO,49.845,32.832
15.6,EO,76.337,24.39
15.6,EO,92.862,11.327
15.7,EO,72.413,29.767
15.7,EO,49.902,32.738
15.7,EO,76.164,24.303
15.8,EO,72.487,29.812
15.8,EO,49.984,32.721
15.8,EO,76.14,24.363
15.8,EO,147.89,25.314
15.9,EO,72.164,29.728
15.9,EO,50.023,32.673
16.0,EO,72.149,29.769
16.0,EO,50.154,32.608
16.0,EO,75.909,24.443
16.0,EO,100.664,0.045
16.1,EO,72.122,29.716
16.1,EO,50.216,32.591
16.1,EO,75.892,24.447
16.2,EO,71.986,29.691
16.2,EO,50.283,32.484
16.2,EO,75.652,24.451
16.3,EO,71.838,29.688
16.3,EO,50.361,32.515
16.3,EO,75.55,24.58
16.3,EO,125.997,33.738
16.4,EO,71.864,29.711
16.4,EO,50.386,32.45
16.4,EO,75.379,24.558
16.5,EO,71.68,29.678
16.5,EO,50.547,32.471
16.6,EO,71.525,29.798
16.6,EO,50.636,32.394
16.6,EO,75.307,24.518
16.6,EO,109.697,7.748
16.6,EO,97.803,34.442
16.7,EO,71.567,29.742
16.7,EO,50.697,32.307
16.7,EO,75.144,24.601
16.8,EO,71.365,29.549
16.8,EO,50.867,32.319
16.8,EO,75.011,24.658
16.9,EO,71.303,29.618
16.9,EO,50.78,32.172
16.9,EO,75.049,24.737
16.9,EO,99.576,15.482
17.0,EO,71.216,29.625
17.0,EO,50.953,32.092
17.0,EO,74.895,24.694
17.0,EO,175.203,36.549
17.1,EO,71.113,29.619
17.1,EO,51.002,32.145
17.1,EO,74.683,24.702
17.2,EO,70.954,29.618
17.2,EO,51.061,32.144
17.2,EO,74.688,24.771
17.3,EO,70.937,29.543
17.3,EO,51.175,32.021
17.3,EO,74.444,24.732
17.3,EO,171.23,19.724
17.3,EO,51.63,5.851
17.4,EO,70.785,29.501
17.4,EO,74.326,24.74
17.5,EO,70.584,29.445
17.5,EO,51.376,31.979
17.5,EO,74.314,24.833
17.5,EO,49.952,20.291
17.6,EO,70.557,29.524
17.6,EO,51.392,31.933
17.6,EO,74.268,24.886
17.7,EO,70.409,29.432
17.7,EO,51.361,31.951
17.7,EO,74.068,24.877
17.8,EO,70.38,29.481
17.8,EO,51.512,31.932
17.8,EO,74.005,24.82
17.9,EO,70.279,29.499
17.9,EO,51.59,31.791
17.9,EO,73.877,24.912
18.0,EO,70.173,29.547
18.0,EO,51.664,31.795
18.0,EO,73.699,24.936
18.1,EO,70.037,29.496
18.1,EO,51.763,31.72
18.1,EO,73.618,24.92
18.2,EO,69.987,29.534
18.2,EO,51.886,31.7
18.2,EO,73.447,25.045
18.3,EO,69.87,29.359
18.3,EO,51.863,31.563
18.3,EO,73.478,24.96
18.4,EO,69.753,29.35
18.4,EO,52.011,31.611
18.4,EO,73.31,24.972
18.4,EO,144.324,42.061
18.5,EO,69.629,29.357
18.5,EO,52.018,31.64
18.5,EO,73.13,24.963
18.6,EO,69.502,29.336
18.6,EO,52.174,31.512
18.6,EO,73.088,25.135
18.7,EO,69.47,29.365
18.7,EO,52.163,31.586
18.7,EO,72.974,25.087
18.8,EO,69.349,29.309
18.8,EO,52.247,31.394
18.8,EO,72.869,25.134
18.8,EO,177.872,14.711
18.9,EO,69.181,29.332
18.9,EO,52.321,31.376
18.9,EO,72.757,25.11
18.9,EO,147.207,35.659
19.0,EO,69.201,29.321
19.0,EO,52.292,31.301
19.0,EO,72.599,25.12
19.1,EO,68.972,29.266
19.1,EO,52.422,31.287
19.1,EO,72.514,25.169
19.2,EO,68.919,29.276
19.2,EO,52.523,31.289
19.2,EO,72.37,25.239
19.3,EO,68.847,29.238
19.3,EO,52.647,31.29
19.3,EO,72.37,25.234
19.4,EO,68.746,29.183
19.4,EO,52.813,31.185
19.4,EO,72.165,25.221
19.5,EO,68.611,29.124
19.5,EO,52.655,31.194
19.5,EO,72.055,25.184
19.6,EO,68.6,29.173
19.6,EO,52.801,31.16
19.6,EO,71.935,25.28
19.7,EO,68.346,29.148
19.7,EO,52.895,31.111
19.7,EO,71.905,25.359
19.8,EO,68.374,29.131
19.8,EO,52.97,31.068
19.8,EO,71.686,25.289
19.9,EO,68.143,29.155
19.9,EO,52.971,31.068
19.9,EO,71.557,25.34
20.0,EO,68.114,29.096
20.0,EO,53.068,30.996
20.0,EO,71.495,25.296
20.0,EO,45.859,6.411
20.1,EO,68.029,29.118
20.1,EO,53.024,30.878
20.1,EO,71.384,25.421
20.2,EO,67.915,29.074
20.2,EO,53.203,30.842
20.2,EO,71.283,25.501
20.3,EO,67.905,29.066
20.3,EO,53.276,30.826
20.3,EO,71.17,25.457
20.4,EO,67.852,29.043
20.4,EO,53.432,30.813
20.4,EO,71.036,25.452
20.5,EO,67.642,29.05
20.5,EO,53.432,30.642
20.5,EO,71.065,25.533
20.6,EO,67.511,28.95
20.6,EO,53.5,30.625
20.6,EO,70.812,25.491
20.7,EO,67.486,28.942
20.7,EO,53.477,30.623
20.7,EO,70.779,25.549
20.8,EO,67.302,28.959
20.8,EO,53.566,30.658
20.8,EO,70.595,25.49
20.9,EO,67.326,28.983
20.9,EO,53.659,30.601
20.9,EO,70.442,25.563
21.0,EO,67.087,28.832
21.0,EO,53.795,30.478
21.0,EO,70.436,25.566
21.1,EO,67.094,28.856
21.1,EO,70.351,25.54
21.2,EO,66.889,28.982
21.2,EO,53.872,30.413
21.2,EO,70.1,25.626
21.3,EO,66.886,28.913
21.3,EO,53.907,30.472
21.3,EO,70.039,25.702
21.4,EO,66.732,28.827
21.4,EO,54.046,30.454
21.4,EO,69.887,25.744
21.4,EO,63.911,28.817
21.5,EO,66.631,28.897
21.5,EO,54.091,30.425
21.5,EO,69.756,25.704
21.5,EO,46.764,10.867
21.6,EO,66.625,28.744
21.6,EO,54.208,30.289
21.6,EO,69.706,25.794
21.7,EO,66.468,28.786
21.7,EO,54.172,30.25
21.7,EO,69.444,25.759
21.8,EO,66.35,28.824
21.8,EO,54.277,30.279
21.8,EO,69.42,25.756
21.9,EO,66.247,28.76
21.9,EO,54.376,30.262
21.9,EO,69.299,25.739
22.0,EO,66.221,28.739
22.0,EO,54.406,30.13
22.0,EO,69.178,25.856
22.1,EO,66.166,28.74
22.1,EO,54.507,30.082
22.1,EO,69.065,25.845
22.2,EO,66.008,28.732
22.2,EO,54.596,30.068
22.2,EO,68.937,25.871
22.3,EO,65.859,28.671
22.3,EO,54.643,30.037
22.3,EO,68.746,25.851
22.4,EO,65.772,28.71
22.4,EO,54.674,29.972
22.4,EO,68.692,25.887
22.5,EO,65.665,28.676
22.5,EO,54.71,29.959
22.5,EO,68.612,25.911
22.6,EO,65.646,28.684
22.6,EO,54.783,29.972
22.6,EO,68.476,25.931
22.6,EO,81.166,9.332
22.7,EO,65.543,28.606
22.7,EO,54.861,29.779
22.8,EO,65.498,28.568
22.8,EO,54.798,29.827
22.8,EO,68.18,26.033
22.8,EO,161.787,32.659
22.9,EO,65.292,28.525
22.9,EO,55.029,29.926
22.9,EO,68.046,25.938
23.0,EO,65.266,28.634
23.0,EO,55.043,29.802
23.0,EO,67.924,26.111
23.1,EO,65.023,28.638
23.1,EO,55.118,29.763
23.1,EO,67.81,26.066
23.2,EO,65.106,28.605
23.2,EO,55.142,29.664
23.2,EO,67.67,26.076
23.3,EO,55.225,29.647
23.3,EO,67.649,26.04
23.4,EO,64.808,28.489
23.4,EO,55.312,29.569
23.4,EO,67.469,26.271
23.5,EO,64.838,28.409
23.5,EO,55.464,29.575
23.5,EO,67.334,26.191
23.6,EO,64.639,28.454
23.6,EO,55.492,29.596
23.6,EO,67.165,26.072
23.7,EO,64.568,28.479
23.7,EO,55.435,29.5
23.7,EO,67.162,26.189
23.8,EO,64.442,28.408
23.8,EO,55.522,29.487
23.8,EO,66.881,26.139
23.9,EO,55.726,29.427
23.9,EO,66.882,26.18
24.0,EO,64.35,28.449
24.0,EO,55.619,29.454
24.0,EO,66.753,26.136
24.1,EO,64.166,28.29
24.1,EO,55.836,29.422
24.2,EO,64.17,28.353
24.2,EO,55.805,29.342
24.2,EO,66.486,26.326
24.2,EO,153.654,17.863
24.3,EO,64.048,28.515
24.3,EO,55.816,29.298
24.3,EO,66.465,26.242
24.3,EO,169.15,3.043
24.4,EO,63.99,28.363
24.4,EO,66.239,26.327
24.5,EO,63.78,28.271
24.5,EO,55.932,29.212
24.5,EO,66.13,26.339
24.6,EO,63.73,28.273
24.6,EO,55.938,29.124
24.6,EO,65.907,26.389
24.7,EO,63.666,28.332
24.7,EO,56.044,29.169
24.7,EO,65.845,26.313
24.8,EO,63.55,28.193
24.8,EO,56.168,29.181
24.8,EO,65.725,26.41
24.9,EO,63.42,28.308
24.9,EO,56.247,29.028
24.9,EO,65.704,26.355
25.0,EO,63.396,28.197
25.0,EO,56.223,29.077
25.0,EO,65.516,26.396
25.1,EO,63.275,28.177
25.1,EO,56.288,28.946
25.1,EO,65.368,26.441
25.2,EO,63.074,28.197
25.2,EO,56.385,28.951
25.3,EO,63.074,28.114
25.3,EO,56.405,28.907
25.3,EO,65.122,26.418
25.4,EO,63.034,28.17
25.4,EO,56.591,28.805
25.4,EO,65.041,26.512
25.5,EO,62.896,28.124
25.5,EO,56.455,28.883
25.5,EO,64.839,26.474
25.6,EO,62.716,28.124
25.6,EO,56.605,28.733
25.6,EO,64.663,26.469
25.6,EO,74.656,14.723
25.7,EO,62.755,28.101
25.7,EO,56.643,28.644
25.7,EO,64.632,26.529
25.8,EO,62.569,28.035
25.8,EO,56.819,28.76
25.8,EO,64.406,26.55
25.9,EO,62.654,28.061
25.9,EO,56.753,28.716
25.9,EO,64.341,26.605
25.9,EO,48.85,16.092
26.0,EO,62.42,27.968
26.0,EO,56.848,28.619
26.0,EO,64.164,26.59
26.1,EO,62.454,28.002
26.1,EO,56.875,28.618
26.1,EO,64.015,26.682
26.2,EO,62.249,27.979
26.2,EO,57.02,28.585
26.2,EO,64.04,26.686
26.3,EO,62.162,27.917
26.3,EO,57.023,28.463
26.3,EO,63.769,26.643
26.4,EO,62.126,28.043
26.4,EO,57.05,28.537
26.4,EO,63.667,26.68
26.4,EO,130.628,12.769
26.5,EO,62.039,27.929
26.5,EO,57.127,28.421
26.5,EO,63.519,26.701
26.6,EO,61.897,27.895
26.6,EO,57.194,28.442
26.6,EO,63.512,26.667
26.7,EO,61.838,27.873
26.7,EO,57.198,28.402
26.7,EO,63.418,26.759
26.8,EO,61.763,27.843
26.8,EO,57.314,28.361
26.8,EO,63.222,26.744
26.8,EO,89.413,32.842
26.9,EO,61.645,27.937
26.9,EO,57.313,28.266
26.9,EO,63.002,26.725
26.9,EO,125.986,14.482
27.0,EO,61.507,27.869
27.0,EO,57.486,28.316
27.0,EO,62.895,26.797
27.1,EO,61.547,27.772
27.1,EO,57.508,28.283
27.1,EO,62.797,26.696
27.2,EO,61.342,27.806
27.2,EO,57.519,28.258
27.2,EO,62.67,26.809
27.3,EO,61.352,27.785
27.3,EO,57.496,28.17
27.3,EO,62.506,26.832
27.3,EO,55.8,20.867
27.3,EO,151.994,36.119
27.4,EO,61.084,27.812
27.4,EO,57.584,28.184
27.4,EO,62.387,26.851
27.5,EO,61.148,27.753
27.5,EO,57.617,28.131
27.5,EO,62.307,26.838
27.6,EO,60.889,27.719
27.6,EO,57.756,28.057
27.6,EO,62.176,26.888
27.6,EO,84.892,11.005
27.7,EO,60.993,27.673
27.7,EO,57.796,28.091
27.7,EO,62.053,26.908
27.8,EO,60.844,27.713
27.8,EO,57.854,27.977
27.8,EO,61.917,26.936
27.9,EO,60.796,27.709
27.9,EO,57.933,27.958
27.9,EO,61.795,26.909
28.0,EO,60.757,27.573
28.0,EO,57.955,28.02
28.0,EO,61.603,26.903
28.1,EO,60.555,27.747
28.1,EO,57.948,27.882
28.1,EO,61.547,27.038
28.2,EO,60.558,27.555
28.2,EO,57.969,27.771
28.2,EO,61.314,26.978
28.3,EO,60.379,27.546
28.3,EO,58.186,27.783
28.3,EO,61.24,26.976
28.3,EO,78.913,12.262
28.4,EO,60.298,27.599
28.4,EO,58.141,27.786
28.5,EO,58.169,27.662
28.5,EO,61.005,26.974
28.5,EO,174.05,39.061
28.5,EO,57.402,33.732
28.6,EO,60.15,27.537
28.6,EO,60.91,27.043
28.7,EO,60.031,27.57
28.7,EO,58.29,27.642
28.7,EO,60.676,26.975
28.8,EO,59.97,27.524
28.8,EO,58.387,27.601
28.8,EO,60.597,27.09
28.9,EO,59.914,27.488
28.9,EO,58.336,27.616
28.9,EO,60.475,27.091
29.0,EO,59.855,27.449
29.0,EO,58.534,27.524
29.0,EO,60.395,27.128
29.0,EO,1.936,5.534
29.1,EO,59.739,27.39
29.1,EO,58.587,27.517
29.1,EO,60.196,27.083
29.2,EO,59.769,27.275
29.2,EO,58.582,27.459
29.2,EO,60.087,27.111
29.3,EO,59.566,27.363
29.3,EO,58.646,27.501
29.3,EO,59.86,27.041
29.4,EO,59.511,27.275
29.4,EO,58.655,27.437
29.4,EO,59.729,27.115
29.5,EO,59.416,27.406
29.5,EO,58.755,27.345
29.5,EO,59.57,27.237
29.6,EO,59.408,27.289
29.6,EO,58.776,27.396
29.6,EO,59.445,27.168
29.6,EO,89.789,12.982
29.7,EO,59.235,27.207
29.7,EO,58.84,27.424
29.7,EO,59.29,27.03
29.8,EO,59.204,27.221
29.8,EO,58.932,27.268
29.8,EO,59.243,27.227
29.8,EO,61.444,9.725
29.9,EO,59.032,27.216
29.9,EO,58.944,27.237
29.9,EO,59.106,27.222
30.0,EO,58.97,27.253
30.0,EO,58.968,27.189
30.0,EO,58.943,27.265
30.1,EO,58.881,27.267
30.1,EO,58.976,27.091
30.1,EO,58.797,27.16
30.1,EO,64.963,32.159
30.2,EO,58.819,27.132
30.2,EO,59.035,27.152
30.2,EO,58.748,27.286
30.3,EO,58.71,27.152
30.3,EO,59.054,27.108
30.3,EO,58.494,27.235
30.3,EO,55.933,7.228
30.3,EO,55.296,14.976
30.4,EO,58.597,27.124
30.4,EO,59.197,27.026
30.4,EO,58.365,27.221
30.5,EO,58.605,27.149
30.5,EO,59.187,27.025
30.5,EO,58.265,27.28
30.6,EO,58.486,27.179
30.6,EO,59.351,27.046
30.6,EO,58.106,27.265
30.7,EO,58.422,27.142
30.7,EO,59.319,26.88
30.7,EO,58.026,27.329
30.8,EO,58.348,27.01
30.8,EO,59.386,26.911
30.8,EO,57.907,27.278
30.9,EO,58.139,27.035
30.9,EO,59.489,26.899
30.9,EO,57.762,27.28
30.9,EO,149.514,7.16
31.0,EO,58.196,27.051
31.0,EO,59.576,26.909
31.0,EO,57.583,27.371
31.1,EO,58.012,27.015
31.1,EO,59.525,26.811
31.1,EO,57.575,27.44
31.2,EO,58.02,27.032
31.2,EO,59.583,26.724
31.2,EO,57.447,27.387
31.3,EO,57.85,26.921
31.3,EO,59.649,26.757
31.3,EO,57.213,27.375
31.3,EO,74.202,34.149
31.4,EO,57.862,26.797
31.4,EO,59.654,26.756
31.4,EO,57.127,27.372
31.5,EO,57.645,27.008
31.5,EO,59.754,26.735
31.5,EO,56.908,27.46
31.6,EO,57.621,26.858
31.6,EO,59.835,26.665
31.6,EO,56.799,27.386
31.7,EO,57.532,26.892
31.7,EO,59.75,26.566
31.7,EO,56.618,27.458
31.8,EO,57.415,26.934
31.8,EO,59.857,26.569
31.8,EO,56.462,27.498
31.9,EO,57.384,26.777
31.9,EO,59.794,26.576
31.9,EO,56.425,27.371
32.0,EO,57.385,26.806
32.0,EO,59.9,26.585
32.0,EO,56.164,27.421
32.1,EO,57.26,26.697
32.1,EO,60.089,26.561
32.1,EO,56.108,27.539
32.2,EO,57.215,26.73
32.2,EO,55.957,27.48
32.3,EO,60.156,26.401
32.3,EO,55.818,27.528
32.4,EO,56.965,26.785
32.4,EO,60.16,26.513
32.4,EO,55.756,27.523
32.5,EO,56.96,26.669
32.5,EO,60.178,26.39
32.5,EO,55.591,27.597
32.6,EO,56.766,26.784
32.6,EO,60.281,26.285
32.6,EO,55.443,27.53
32.7,EO,56.71,26.61
32.7,EO,60.384,26.371
32.7,EO,55.281,27.512
32.8,EO,56.664,26.671
32.8,EO,60.338,26.287
32.8,EO,55.222,27.592
32.9,EO,56.562,26.652
32.9,EO,60.326,26.238
32.9,EO,54.976,27.647
32.9,EO,11.185,11.615
33.0,EO,56.518,26.599
33.0,EO,60.416,26.205
33.0,EO,54.885,27.554
33.1,EO,56.294,26.553
33.1,EO,60.405,26.195
33.1,EO,54.685,27.593
33.1,EO,68.738,34.041
33.2,EO,56.391,26.512
33.2,EO,60.56,26.126
33.2,EO,54.581,27.529
33.3,EO,56.233,26.5
33.3,EO,60.527,26.175
33.3,EO,54.481,27.608
33.4,EO,56.302,26.504
33.4,EO,60.697,26.005
33.4,EO,54.272,27.618
33.5,EO,56.139,26.439
33.5,EO,60.704,26.06
33.5,EO,54.114,27.637
33.6,EO,56.07,26.542
33.6,EO,60.722,25.969
33.6,EO,54.015,27.653
33.7,EO,55.903,26.367
33.7,EO,60.691,25.946
33.7,EO,53.82,27.669
33.8,EO,55.862,26.456
33.8,EO,60.77,26.024
33.8,EO,53.777,27.705
33.9,EO,55.824,26.458
33.9,EO,60.857,25.918
33.9,EO,53.591,27.711
34.0,EO,55.829,26.355
34.0,EO,60.856,25.917
34.0,EO,53.457,27.719
34.1,EO,55.689,26.418
34.1,EO,61.107,25.921
34.1,EO,53.283,27.68
34.2,EO,55.644,26.383
34.2,EO,61.014,25.774
34.2,EO,53.198,27.719
34.3,EO,55.519,26.274
34.3,EO,60.959,25.705
34.3,EO,53.008,27.745
34.4,EO,55.444,26.268
34.4,EO,61.085,25.75
34.4,EO,53.004,27.633
34.5,EO,55.382,26.295
34.5,EO,61.076,25.703
34.5,EO,52.854,27.742
34.5,EO,63.613,17.316
34.6,EO,55.222,26.257
34.6,EO,61.188,25.672
34.6,EO,52.674,27.785
34.7,EO,55.188,26.222
34.7,EO,61.248,25.629
34.7,EO,52.508,27.724
34.8,EO,55.142,26.283
34.8,EO,61.269,25.682
34.8,EO,52.31,27.699
34.9,EO,55.128,26.154
34.9,EO,61.328,25.635
34.9,EO,52.217,27.833
35.0,EO,54.99,26.218
35.0,EO,61.4,25.594
35.0,EO,52.067,27.655
35.1,EO,54.814,26.224
35.1,EO,61.386,25.525
35.1,EO,51.969,27.721
35.2,EO,54.701,26.128
35.2,EO,61.425,25.497
35.2,EO,51.875,27.754
35.3,EO,54.695,26.199
35.3,EO,61.564,25.528
35.3,EO,51.634,27.746
35.4,EO,54.647,26.07
35.4,EO,61.568,25.521
35.4,EO,51.463,27.802
35.5,EO,54.511,26.05
35.5,EO,61.548,25.509
35.5,EO,51.274,27.749
35.6,EO,54.523,26.1
35.6,EO,61.664,25.382
35.6,EO,51.147,27.797
35.7,EO,54.349,26.019
35.7,EO,61.673,25.406
35.7,EO,51.045,27.849
35.7,EO,120.766,20.466
35.8,EO,54.295,26.042
35.8,EO,61.681,25.334
35.8,EO,50.899,27.775
35.9,EO,54.399,25.896
35.9,EO,61.679,25.356
35.9,EO,50.754,27.786
35.9,EO,3.375,22.555
36.0,EO,54.25,25.945
36.0,EO,61.74,25.195
36.0,EO,50.711,27.829
36.1,EO,54.232,25.872
36.1,EO,61.847,25.151
36.1,EO,50.536,27.872
36.2,EO,61.854,25.165
36.2,EO,50.403,27.906
36.3,EO,53.991,25.851
36.3,EO,61.884,25.196
36.3,EO,50.177,27.87
36.4,EO,53.972,25.823
36.4,EO,62.016,25.193
36.4,EO,50.174,27.808
36.5,EO,53.858,25.707
36.5,EO,49.976,27.866
36.6,EO,53.841,25.761
36.6,EO,61.918,25.037
36.6,EO,49.798,27.806
36.7,EO,53.747,25.796
36.7,EO,62.071,24.984
36.7,EO,49.632,27.838
36.7,EO,106.339,16.217
36.8,EO,53.705,25.709
36.8,EO,62.105,24.96
36.8,EO,49.521,27.852
36.9,EO,53.64,25.721
36.9,EO,62.172,24.943
36.9,EO,49.257,27.896
37.0,EO,53.564,25.727
37.0,EO,62.192,25.054
37.0,EO,49.274,27.889
37.1,EO,53.475,25.699
37.1,EO,62.228,24.949
37.1,EO,49.107,27.848
37.1,EO,52.398,5.575
37.2,EO,53.354,25.606
37.2,EO,62.345,24.85
37.2,EO,48.95,27.924
37.2,EO,10.372,27.724
37.3,EO,53.379,25.595
37.3,EO,62.371,24.9
37.3,EO,48.872,27.832
37.4,EO,53.27,25.631
37.4,EO,62.311,24.854
37.4,EO,48.701,27.908
37.5,EO,53.229,25.529
37.5,EO,62.385,24.905
37.5,EO,48.544,27.911
37.6,EO,53.168,25.543
37.6,EO,62.466,24.837
37.6,EO,48.335,27.969
37.6,EO,68.841,34.185
37.7,EO,53.144,25.637
37.7,EO,62.516,24.677
37.7,EO,48.288,27.92
37.8,EO,52.974,25.517
37.8,EO,62.424,24.807
37.8,EO,48.131,27.902
37.9,EO,53.063,25.474
37.9,EO,62.543,24.609
37.9,EO,48.028,27.963
38.0,EO,52.907,25.348
38.0,EO,62.624,24.601
38.0,EO,47.828,27.882
38.1,EO,52.878,25.4
38.1,EO,62.663,24.655
38.1,EO,47.67,27.962
38.2,EO,52.83,25.34
38.2,EO,62.657,24.632
38.2,EO,47.497,27.898
38.3,EO,52.805,25.355
38.3,EO,62.698,24.679
38.3,EO,47.326,27.868
38.4,EO,52.801,25.346
38.4,EO,62.855,24.537
38.4,EO,47.298,27.953
38.5,EO,52.66,25.256
38.5,EO,62.79,24.582
38.5,EO,47.084,27.872
38.6,EO,52.65,25.267
38.6,EO,62.887,24.339
38.6,EO,47.069,27.849
38.7,EO,52.555,25.282
38.7,EO,62.891,24.506
38.7,EO,46.956,27.934
38.8,EO,52.501,25.258
38.8,EO,62.815,24.439
38.8,EO,46.656,27.911
38.9,EO,52.512,25.083
38.9,EO,63.001,24.465
38.9,EO,46.544,27.956
39.0,EO,52.355,25.106
39.0,EO,63.021,24.396
39.0,EO,46.425,27.887
39.1,EO,52.373,25.13
39.1,EO,63.161,24.379
39.1,EO,46.321,27.915
39.2,EO,52.418,25.079
39.2,EO,63.14,24.351
39.2,EO,46.137,28.061
39.3,EO,52.298,25.121
39.3,EO,63.105,24.216
39.3,EO,45.912,27.932
39.4,EO,52.199,24.989
39.4,EO,63.214,24.265
39.4,EO,45.851,27.886
39.5,EO,52.187,25.006
39.5,EO,63.217,24.211
39.5,EO,45.687,27.992
39.6,EO,52.108,24.959
39.6,EO,63.185,24.301
39.6,EO,45.537,27.981
39.7,EO,52.127,24.923
39.7,EO,63.291,24.159
39.7,EO,45.373,27.928
39.8,EO,52.12,25.033
39.8,EO,63.285,24.094
39.8,EO,45.232,27.898
39.9,EO,52.076,24.838
39.9,EO,63.279,24.091
39.9,EO,45.078,27.962
39.9,EO,120.077,16.479
40.0,EO,51.988,24.897
40.0,EO,63.421,24.019
40.0,EO,44.922,27.977
40.0,EO,8.255,36.643
40.0,EO,9.377,36.443
40.1,EO,51.974,24.786
40.1,EO,63.413,24.13
40.1,EO,44.893,27.947
40.1,EO,8.19,36.511
40.1,EO,9.347,36.403
40.1,EO,170.779,44.054
40.2,EO,51.908,24.784
40.2,EO,63.543,24.054
40.2,EO,44.694,27.926
40.2,EO,8.249,36.543
40.2,EO,9.267,36.351
40.3,EO,51.894,24.779
40.3,EO,44.498,27.944
40.3,EO,8.134,36.379
40.3,EO,9.276,36.365
40.4,EO,51.864,24.718
40.4,EO,63.556,23.981
40.4,EO,44.385,27.922
40.4,EO,8.215,36.445
40.4,EO,9.152,36.183
40.5,EO,51.828,24.704
40.5,EO,63.544,23.938
40.5,EO,44.14,27.878
40.5,EO,8.15,36.256
40.5,EO,9.097,36.091
40.6,EO,51.824,24.574
40.6,EO,63.572,23.975
40.6,EO,43.963,27.97
40.6,EO,8.064,36.199
40.6,EO,9.171,36.054
40.7,EO,51.79,24.614
40.7,EO,63.733,23.891
40.7,EO,43.994,27.895
40.7,EO,8.084,36.188
40.7,EO,9.148,36.024
40.8,EO,51.694,24.585
40.8,EO,63.663,23.796
40.8,EO,43.865,27.923
40.8,EO,7.937,36.074
40.8,EO,9.09,35.979
40.9,EO,51.707,24.586
40.9,EO,63.68,23.764
40.9,EO,43.727,27.942
40.9,EO,8.056,35.977
40.9,EO,9.12,35.756
41.0,EO,51.557,24.534
41.0,EO,63.684,23.845
41.0,EO,43.506,27.887
41.0,EO,8.079,35.839
41.0,EO,9.057,35.835
41.1,EO,51.532,24.543
41.1,EO,63.828,23.787
41.1,EO,43.403,27.819
41.1,EO,8.092,35.922
41.1,EO,9.025,35.744
41.2,EO,51.525,24.52
41.2,EO,63.837,23.687
41.2,EO,43.256,27.925
41.2,EO,7.968,35.826
41.2,EO,8.98,35.692
41.3,EO,51.531,24.483
41.3,EO,63.824,23.715
41.3,EO,43.048,27.882
41.3,EO,8.003,35.802
41.3,EO,9.024,35.684
41.4,EO,51.452,24.354
41.4,EO,63.928,23.703
41.4,EO,43.034,27.879
41.4,EO,7.889,35.615
41.4,EO,8.986,35.529
41.5,EO,51.517,24.425
41.5,EO,63.916,23.682
41.5,EO,42.771,27.896
41.5,EO,7.996,35.641
41.5,EO,8.994,35.518
41.5,EO,77.291,16.066
41.6,EO,51.459,24.346
41.6,EO,64.052,23.607
41.6,EO,42.634,27.926
41.6,EO,7.951,35.599
41.6,EO,8.863,35.433
41.7,EO,51.473,24.375
41.7,EO,64.009,23.543
41.7,EO,42.527,27.981
41.7,EO,7.906,35.471
41.7,EO,8.822,35.431
41.8,EO,51.293,24.29
41.8,EO,64.144,23.606
41.8,EO,42.357,27.962
41.8,EO,7.871,35.365
41.8,EO,8.936,35.299
41.9,EO,51.361,24.354
41.9,EO,64.013,23.543
41.9,EO,42.266,27.926
41.9,EO,7.884,35.312
41.9,EO,8.876,35.302
42.0,EO,51.451,24.302
42.0,EO,64.117,23.473
42.0,EO,42.086,27.87
42.0,EO,7.734,35.218
42.0,EO,8.867,35.108
42.1,EO,51.251,24.216
42.1,EO,64.255,23.494
42.1,EO,41.973,27.839
42.1,EO,7.875,35.198
42.1,EO,8.795,35.185
42.2,EO,51.251,24.136
42.2,EO,64.279,23.437
42.2,EO,41.778,27.899
42.2,EO,7.903,35.107
42.2,EO,8.747,35.05
42.2,EO,51.174,9.201
42.3,EO,51.278,24.11
42.3,EO,64.206,23.526
42.3,EO,41.646,27.937
42.3,EO,7.802,35.082
42.3,EO,8.722,35.012
42.4,EO,51.252,24.202
42.4,EO,64.265,23.416
42.4,EO,41.45,27.869
42.4,EO,7.8,34.997
42.4,EO,8.81,35.02
42.5,EO,51.327,24.093
42.5,EO,64.348,23.447
42.5,EO,41.37,27.938
42.5,EO,7.786,34.903
42.5,EO,8.681,34.919
42.6,EO,51.219,23.993
42.6,EO,64.405,23.366
42.6,EO,41.235,27.787
42.6,EO,7.925,34.89
42.6,EO,8.723,34.916
42.7,EO,51.225,24.148
42.7,EO,64.326,23.357
42.7,EO,41.136,27.836
42.7,EO,7.712,34.807
42.7,EO,8.669,34.744
42.8,EO,51.116,23.994
42.8,EO,64.391,23.394
42.8,EO,40.92,27.826
42.8,EO,7.844,34.684
42.8,EO,8.704,34.639
42.9,EO,51.165,23.985
42.9,EO,64.552,23.286
42.9,EO,40.743,27.925
42.9,EO,7.711,34.716
42.9,EO,8.632,34.779
43.0,EO,51.196,23.938
43.0,EO,64.498,23.249
43.0,EO,40.566,27.78
43.0,EO,7.641,34.712
43.0,EO,8.584,34.547
43.0,EO,105.977,25.891
43.1,EO,51.117,23.928
43.1,EO,64.545,23.194
43.1,EO,40.475,27.945
43.1,EO,7.734,34.625
43.1,EO,8.531,34.583
43.1,EO,4.751,23.081
43.2,EO,51.096,23.95
43.2,EO,64.513,23.289
43.2,EO,40.468,27.84
43.2,EO,7.646,34.534
43.2,EO,8.585,34.485
43.3,EO,51.054,23.871
43.3,EO,64.621,23.285
43.3,EO,40.144,27.831
43.3,EO,7.66,34.396
43.3,EO,8.529,34.504
43.4,EO,51.022,23.752
43.4,EO,64.685,23.107
43.4,EO,40.008,27.844
43.4,EO,7.627,34.393
43.4,EO,8.475,34.436
43.5,EO,51.057,23.693
43.5,EO,64.734,23.121
43.5,EO,39.93,27.846
43.5,EO,7.5,34.355
43.5,EO,8.559,34.337
43.6,EO,50.978,23.804
43.6,EO,64.655,23.111
43.6,EO,7.636,34.295
43.6,EO,8.518,34.268
43.7,EO,51.058,23.773
43.7,EO,64.737,23.161
43.7,EO,39.651,27.814
43.7,EO,7.644,34.24
43.7,EO,8.458,34.168
43.8,EO,64.751,23.093
43.8,EO,39.557,27.818
43.8,EO,7.593,34.103
43.8,EO,8.427,34.24
43.9,EO,51.041,23.658
43.9,EO,64.717,22.978
43.9,EO,39.262,27.799
43.9,EO,7.564,34.072
43.9,EO,8.484,34.084
44.0,EO,51.018,23.581
44.0,EO,64.889,22.974
44.0,EO,39.223,27.826
44.0,EO,7.558,34.089
44.0,EO,8.488,34.055
44.0,EO,57.722,22.951
44.1,EO,50.983,23.595
44.1,EO,64.893,22.936
44.1,EO,39.104,27.807
44.1,EO,7.473,33.929
44.1,EO,8.376,33.944
44.2,EO,51.057,23.589
44.2,EO,64.962,22.989
44.2,EO,39.005,27.691
44.2,EO,7.516,33.984
44.2,EO,8.262,33.945
44.3,EO,50.985,23.513
44.3,EO,64.974,22.95
44.3,EO,38.778,27.8
44.3,EO,7.601,33.726
44.3,EO,8.313,33.762
44.4,EO,50.958,23.501
44.4,EO,64.964,22.868
44.4,EO,38.658,27.708
44.4,EO,7.48,33.872
44.4,EO,8.35,33.707
44.5,EO,50.95,23.53
44.5,EO,64.952,22.841
44.5,EO,7.4,33.67
44.5,EO,8.173,33.677
44.6,EO,50.974,23.419
44.6,EO,65.058,22.806
44.6,EO,38.395,27.868
44.6,EO,7.535,33.661
44.6,EO,8.238,33.635
44.6,EO,147.555,17.636
44.7,EO,50.988,23.444
44.7,EO,65.07,22.809
44.7,EO,38.203,27.65
44.7,EO,7.457,33.636
44.7,EO,8.258,33.588
44.8,EO,50.944,23.37
44.8,EO,65.182,22.805
44.8,EO,38.087,27.794
44.8,EO,7.419,33.542
44.8,EO,8.19,33.504
44.9,EO,50.962,23.331
44.9,EO,65.182,22.795
44.9,EO,37.94,27.733
44.9,EO,7.402,33.518
44.9,EO,8.193,33.421
45.0,EO,50.946,23.276
45.0,EO,65.199,22.803
45.0,EO,37.8,27.808
45.0,EO,7.516,33.582
45.0,EO,8.162,33.376
45.1,EO,51.009,23.282
45.1,EO,65.203,22.734
45.1,EO,37.588,27.846
45.1,EO,7.397,33.382
45.1,EO,8.235,33.384
45.2,EO,50.947,23.244
45.2,EO,65.286,22.628
45.2,EO,37.62,27.727
45.2,EO,7.329,33.375
45.2,EO,8.072,33.283
45.3,EO,51.013,23.189
45.3,EO,65.212,22.737
45.3,EO,37.388,27.707
45.3,EO,7.417,33.362
45.3,EO,8.086,33.25
45.4,EO,50.907,23.176
45.4,EO,65.216,22.628
45.4,EO,37.304,27.695
45.4,EO,7.386,33.114
45.4,EO,8.075,33.276
45.4,EO,94.878,31.31
45.5,EO,50.992,23.203
45.5,EO,65.395,22.575
45.5,EO,37.038,27.79
45.5,EO,7.423,33.199
45.5,EO,8.05,33.161
45.6,EO,50.996,23.132
45.6,EO,65.408,22.576
45.6,EO,36.944,27.648
45.6,EO,7.413,33.16
45.6,EO,8.031,33.141
45.6,EO,12.213,12.187
45.7,EO,50.89,23.136
45.7,EO,65.412,22.541
45.7,EO,36.88,27.661
45.7,EO,7.261,33.137
45.7,EO,8.024,32.958
45.8,EO,50.903,22.992
45.8,EO,65.371,22.497
45.8,EO,36.667,27.709
45.8,EO,7.312,33.099
45.8,EO,8.025,32.882
45.9,EO,51.01,23.045
45.9,EO,65.51,22.48
45.9,EO,36.507,27.722
45.9,EO,7.313,32.924
45.9,EO,7.932,32.917
46.0,EO,50.953,23.029
46.0,EO,65.503,22.427
46.0,EO,36.458,27.688
46.0,EO,7.183,32.763
46.0,EO,7.898,32.837
46.0,EO,146.083,2.423
46.1,EO,65.516,22.521
46.1,EO,7.229,32.872
46.1,EO,7.931,32.825
46.2,EO,50.8,23.027
46.2,EO,65.669,22.426
46.2,EO,36.104,27.657
46.2,EO,7.338,32.891
46.2,EO,7.927,32.673
46.3,EO,50.937,22.959
46.3,EO,65.614,22.329
46.3,EO,35.98,27.706
46.3,EO,7.236,32.663
46.3,EO,7.864,32.659
46.4,EO,50.865,22.894
46.4,EO,65.621,22.365
46.4,EO,7.178,32.666
46.4,EO,7.836,32.609
46.5,EO,50.944,22.834
46.5,EO,65.653,22.291
46.5,EO,35.633,27.576
46.5,EO,7.18,32.636
46.5,EO,7.907,32.522
46.6,EO,51.064,22.879
46.6,EO,65.738,22.433
46.6,EO,35.525,27.608
46.6,EO,7.187,32.493
46.6,EO,7.779,32.509
46.7,EO,50.897,22.752
46.7,EO,65.698,22.311
46.7,EO,35.468,27.616
46.7,EO,7.262,32.481
46.7,EO,7.804,32.455
46.8,EO,50.844,22.762
46.8,EO,65.775,22.336
46.8,EO,35.326,27.67
46.8,EO,7.263,32.541
46.8,EO,7.847,32.4
46.9,EO,50.975,22.726
46.9,EO,65.683,22.337
46.9,EO,35.172,27.664
46.9,EO,7.237,32.331
46.9,EO,7.847,32.366
47.0,EO,50.928,22.805
47.0,EO,65.86,22.252
47.0,EO,34.931,27.662
47.0,EO,7.129,32.278
47.0,EO,7.794,32.246
47.0,EO,129.228,8.856
47.1,EO,50.927,22.706
47.1,EO,65.918,22.185
47.1,EO,34.875,27.595
47.1,EO,7.094,32.249
47.1,EO,7.717,32.283
47.2,EO,50.923,22.668
47.2,EO,65.865,22.156
47.2,EO,34.74,27.528
47.2,EO,7.151,32.19
47.2,EO,7.743,32.255
47.3,EO,50.863,22.65
47.3,EO,65.992,22.161
47.3,EO,34.619,27.542
47.3,EO,7.118,32.156
47.3,EO,7.657,32.169
47.4,EO,50.872,22.626
47.4,EO,65.852,22.227
47.4,EO,34.462,27.569
47.4,EO,7.115,32.173
47.4,EO,7.788,32.114
47.5,EO,50.846,22.722
47.5,EO,66.065,22.103
47.5,EO,34.282,27.561
47.5,EO,7.168,32.091
47.5,EO,7.573,32.03
47.6,EO,50.983,22.545
47.6,EO,66.081,21.963
47.6,EO,34.162,27.473
47.6,EO,7.138,32.068
47.6,EO,7.706,32.025
47.7,EO,50.901,22.577
47.7,EO,66.001,21.968
47.7,EO,34.013,27.525
47.7,EO,6.998,31.96
47.7,EO,7.663,31.991
47.8,EO,50.984,22.498
47.8,EO,66.106,22.045
47.8,EO,33.93,27.448
47.8,EO,7.11,31.919
47.8,EO,7.62,31.886
47.8,EO,14.262,40.853
47.9,EO,50.848,22.497
47.9,EO,66.142,21.983
47.9,EO,33.726,27.459
47.9,EO,7.046,31.847
47.9,EO,7.59,31.949
48.0,EO,51.094,22.472
48.0,EO,66.189,21.933
48.0,EO,33.616,27.453
48.0,EO,7.055,31.852
48.0,EO,7.568,31.801
48.1,EO,51.018,22.466
48.1,EO,66.191,21.961
48.1,EO,33.484,27.474
48.1,EO,7.031,31.752
48.1,EO,7.605,31.727
48.2,EO,50.92,22.392
48.2,EO,66.185,22.007
48.2,EO,33.373,27.447
48.2,EO,7.006,31.689
48.2,EO,7.532,31.679
48.2,EO,33.157,4.116
48.3,EO,50.897,22.342
48.3,EO,66.291,21.857
48.3,EO,33.277,27.412
48.3,EO,6.94,31.687
48.3,EO,7.573,31.641
48.4,EO,50.884,22.405
48.4,EO,66.236,21.883
48.4,EO,33.02,27.437
48.4,EO,7.444,31.485
48.4,EO,57.494,44.994
48.5,EO,50.956,22.31
48.5,EO,66.293,21.817
48.5,EO,6.993,31.495
48.5,EO,7.483,31.564
48.6,EO,50.941,22.344
48.6,EO,66.335,21.924
48.6,EO,32.857,27.358
48.6,EO,6.837,31.434
48.6,EO,7.417,31.481
48.7,EO,50.872,22.234
48.7,EO,66.358,21.813
48.7,EO,32.749,27.357
48.7,EO,6.89,31.441
48.7,EO,7.522,31.387
48.8,EO,50.892,22.262
48.8,EO,66.417,21.813
48.8,EO,32.456,27.403
48.8,EO,6.901,31.494
48.8,EO,7.411,31.415
48.9,EO,50.98,22.206
48.9,EO,66.451,21.74
48.9,EO,32.362,27.421
48.9,EO,6.876,31.325
48.9,EO,7.387,31.319
49.0,EO,50.919,22.18
49.0,EO,66.425,21.708
49.0,EO,32.254,27.334
49.0,EO,6.816,31.247
49.0,EO,7.37,31.336
49.1,EO,50.891,22.148
49.1,EO,66.476,21.665
49.1,EO,31.992,27.287
49.1,EO,6.937,31.298
49.1,EO,7.429,31.182
49.2,EO,50.917,22.247
49.2,EO,66.614,21.68
49.2,EO,32.068,27.279
49.2,EO,6.832,31.12
49.2,EO,7.368,31.156
49.3,EO,50.977,22.077
49.3,EO,66.576,21.733
49.3,EO,31.741,27.32
49.3,EO,6.82,31.138
49.3,EO,7.294,31.137
49.4,EO,50.889,22.13
49.4,EO,31.69,27.328
49.4,EO,6.893,31.114
49.4,EO,7.275,31.009
49.4,EO,52.768,5.414
49.5,EO,50.898,22.037
49.5,EO,66.609,21.595
49.5,EO,31.568,27.326
49.5,EO,6.779,31.025
49.5,EO,7.321,30.965
49.6,EO,50.91,22.043
49.6,EO,66.597,21.594
49.6,EO,31.518,27.204
49.6,EO,6.977,30.965
49.6,EO,7.281,30.814
49.6,EO,126.667,18.2
49.7,EO,50.821,21.921
49.7,EO,66.628,21.554
49.7,EO,31.316,27.257
49.7,EO,6.836,30.939
49.7,EO,7.317,30.886
49.8,EO,50.871,22.028
49.8,EO,66.733,21.496
49.8,EO,31.224,27.257
49.8,EO,6.873,30.835
49.8,EO,7.302,30.797
49.9,EO,50.916,21.996
49.9,EO,66.725,21.405
49.9,EO,31.073,27.16
49.9,EO,6.82,30.902
49.9,EO,7.227,30.801
50.0,EO,50.957,21.867
50.0,EO,66.675,21.52
50.0,EO,30.942,27.232
50.0,EO,6.801,30.797
50.0,EO,7.211,30.815
50.1,EO,50.912,21.762
50.1,EO,66.832,21.468
50.1,EO,6.63,30.709
50.1,EO,7.249,30.753
50.2,EO,50.835,21.844
50.2,EO,66.721,21.397
50.2,EO,6.756,30.69
50.2,EO,7.12,30.702
50.3,EO,50.898,21.839
50.3,EO,66.751,21.387
50.3,EO,6.719,30.678
50.3,EO,7.208,30.614
50.4,EO,50.939,21.793
50.4,EO,66.797,21.272
50.4,EO,6.768,30.604
50.4,EO,7.251,30.534
50.5,EO,50.984,21.759
50.5,EO,66.827,21.458
50.5,EO,6.758,30.687
50.5,EO,7.095,30.499
50.6,EO,50.877,21.719
50.6,EO,67.01,21.372
50.6,EO,6.763,30.506
50.6,EO,7.178,30.467
50.7,EO,50.904,21.712
50.7,EO,66.936,21.354
50.7,EO,6.683,30.393
50.7,EO,7.103,30.338
50.8,EO,50.958,21.724
50.8,EO,67.021,21.283
50.8,EO,6.702,30.375
50.8,EO,7.11,30.43
50.9,EO,50.941,21.704
50.9,EO,67.074,21.265
50.9,EO,6.643,30.277
50.9,EO,7.047,30.372
51.0,EO,50.89,21.579
51.0,EO,66.993,21.245
51.0,EO,6.694,30.214
51.0,EO,7.079,30.24
51.1,EO,50.833,21.711
51.1,EO,67.072,21.221
51.1,EO,6.644,30.162
51.1,EO,7.129,30.26
51.2,EO,50.928,21.579
51.2,EO,67.121,21.177
51.2,EO,6.675,30.107
51.2,EO,7.032,30.222
51.3,EO,50.865,21.615
51.3,EO,67.223,21.228
51.3,EO,6.661,30.126
51.3,EO,6.964,30.082
51.4,EO,50.778,21.61
51.4,EO,67.068,21.022
51.4,EO,6.637,30.092
51.4,EO,6.988,30.02
51.5,EO,50.898,21.476
51.5,EO,67.16,21.106
51.5,EO,6.681,30.041
51.5,EO,7.046,30.135
51.5,EO,110.317,1.751
51.6,EO,50.821,21.479
51.6,EO,67.199,21.089
51.6,EO,6.643,29.994
51.6,EO,6.946,29.905
51.7,EO,50.897,21.425
51.7,EO,67.224,21.047
51.7,EO,6.647,30.0
51.7,EO,7.027,29.909
51.8,EO,50.872,21.317
51.8,EO,67.281,21.06
51.8,EO,6.537,29.877
51.8,EO,6.924,29.938
51.8,EO,171.859,8.442
51.9,EO,50.938,21.408
51.9,EO,67.239,21.067
51.9,EO,6.482,29.842
51.9,EO,6.926,29.914
51.9,EO,117.291,17.742
52.0,EO,50.832,21.463
52.0,EO,67.387,21.013
52.0,EO,6.892,29.822
52.1,EO,50.756,21.351
52.1,EO,67.392,20.948
52.1,EO,6.53,29.773
52.1,EO,6.905,29.762
52.2,EO,50.89,21.31
52.2,EO,67.396,20.942
52.2,EO,6.578,29.788
52.2,EO,6.918,29.628
52.3,EO,50.939,21.285
52.3,EO,67.47,20.963
52.3,EO,6.671,29.617
52.3,EO,6.893,29.667
52.4,EO,50.865,21.231
52.4,EO,67.434,20.975
52.4,EO,6.515,29.601
52.4,EO,6.852,29.587
52.4,EO,154.31,25.253
52.4,EO,169.943,4.227
52.5,EO,50.903,21.31
52.5,EO,67.405,20.854
52.5,EO,6.46,29.597
52.5,EO,6.864,29.585
52.6,EO,50.91,21.205
52.6,EO,67.534,20.848
52.6,EO,6.582,29.532
52.6,EO,6.838,29.595
52.7,EO,50.907,21.202
52.7,EO,67.507,20.981
52.7,EO,6.516,29.513
52.7,EO,6.755,29.404
52.8,EO,50.86,21.187
52.8,EO,67.547,20.817
52.8,EO,6.542,29.468
52.8,EO,6.725,29.453
52.8,EO,128.742,44.01
52.9,EO,50.834,21.17
52.9,EO,67.573,20.884
52.9,EO,6.43,29.342
52.9,EO,6.723,29.376
53.0,EO,50.913,21.133
53.0,EO,67.602,20.809
53.0,EO,6.471,29.383
53.0,EO,6.796,29.292
53.1,EO,50.911,21.115
53.1,EO,67.582,20.714
53.1,EO,6.393,29.233
53.1,EO,6.755,29.263
53.1,EO,83.288,4.592
53.2,EO,50.907,21.076
53.2,EO,67.641,20.808
53.2,EO,6.426,29.219
53.2,EO,6.769,29.172
53.3,EO,50.896,21.049
53.3,EO,67.61,20.689
53.3,EO,6.408,29.217
53.3,EO,6.839,29.196
53.3,EO,60.005,17.871
53.4,EO,50.866,20.999
53.4,EO,67.809,20.694
53.4,EO,6.477,29.13
53.4,EO,6.674,29.125
53.4,EO,148.367,11.628
53.5,EO,50.901,21.023
53.5,EO,67.677,20.729
53.5,EO,6.401,29.185
53.5,EO,6.778,29.106
53.6,EO,50.779,20.981
53.6,EO,67.81,20.667
53.6,EO,6.335,29.178
53.6,EO,6.753,29.016
53.7,EO,50.821,21.044
53.7,EO,67.827,20.642
53.7,EO,6.481,29.024
53.7,EO,6.637,29.056
53.8,EO,50.871,20.94
53.8,EO,67.849,20.64
53.8,EO,6.389,28.982
53.8,EO,6.66,28.941
53.9,EO,50.789,20.886
53.9,EO,67.96,20.545
53.9,EO,6.395,28.958
53.9,EO,6.626,28.99
54.0,EO,50.765,20.896
54.0,EO,67.875,20.505
54.0,EO,6.288,28.905
54.0,EO,6.581,28.943
54.1,EO,50.935,20.828
54.1,EO,67.838,20.605
54.1,EO,6.317,28.884
54.1,EO,6.655,28.852
54.2,EO,50.871,20.87
54.2,EO,67.981,20.464
54.2,EO,6.285,28.822
54.2,EO,6.572,28.803
54.3,EO,50.829,20.837
54.3,EO,67.917,20.579
54.3,EO,6.363,28.809
54.3,EO,6.609,28.737
54.4,EO,50.917,20.87
54.4,EO,67.972,20.454
54.4,EO,6.362,28.737
54.4,EO,6.588,28.655
54.4,EO,131.618,15.719
54.5,EO,50.863,20.877
54.5,EO,68.016,20.551
54.5,EO,6.449,28.64
54.5,EO,6.614,28.606
54.6,EO,50.904,20.777
54.6,EO,68.025,20.519
54.6,EO,6.367,28.667
54.6,EO,6.544,28.557
54.7,EO,50.824,20.721
54.7,EO,68.134,20.429
54.7,EO,6.373,28.587
54.7,EO,6.56,28.63
54.8,EO,50.844,20.735
54.8,EO,68.057,20.452
54.8,EO,6.324,28.49
54.8,EO,6.549,28.548
54.9,EO,50.809,20.743
54.9,EO,68.187,20.46
54.9,EO,6.253,28.462
54.9,EO,6.432,28.444
55.0,EO,50.795,20.685
55.0,EO,68.227,20.401
55.0,EO,6.302,28.508
55.0,EO,6.477,28.448
55.1,EO,50.878,20.647
55.1,EO,68.141,20.406
55.1,EO,6.218,28.406
55.1,EO,6.471,28.397
55.1,EO,67.121,24.915
55.2,EO,50.899,20.602
55.2,EO,68.136,20.309
55.2,EO,6.223,28.357
55.2,EO,6.48,28.302
55.2,EO,76.134,22.351
55.3,EO,50.764,20.601
55.3,EO,68.224,20.247
55.3,EO,6.196,28.363
55.3,EO,6.472,28.406
55.4,EO,50.899,20.525
55.4,EO,68.191,20.235
55.4,EO,6.259,28.202
55.4,EO,6.387,28.343
55.5,EO,50.846,20.487
55.5,EO,68.282,20.258
55.5,EO,6.181,28.18
55.5,EO,6.36,28.181
55.6,EO,50.779,20.478
55.6,EO,68.397,20.289
55.6,EO,6.251,28.134
55.6,EO,6.406,28.216
55.6,EO,137.353,35.281
55.7,EO,50.819,20.497
55.7,EO,68.344,20.164
55.7,EO,6.233,28.233
55.7,EO,6.367,28.163
55.8,EO,50.782,20.528
55.8,EO,68.327,20.193
55.8,EO,6.27,28.107
55.8,EO,6.403,28.072
55.9,EO,50.76,20.452
55.9,EO,68.392,20.182
55.9,EO,6.262,28.016
55.9,EO,6.394,28.092
56.0,EO,50.868,20.472
56.0,EO,68.362,20.144
56.0,EO,6.206,28.053
56.0,EO,6.329,28.017
56.1,EO,50.786,20.431
56.1,EO,68.461,20.129
56.1,EO,6.156,28.0
56.1,EO,6.29,27.98
56.2,EO,50.813,20.425
56.2,EO,68.491,20.133
56.2,EO,6.194,27.879
56.2,EO,6.295,27.943
56.2,EO,101.201,41.792
56.3,EO,50.857,20.37
56.3,EO,68.589,20.123
56.3,EO,6.152,27.815
56.3,EO,6.279,27.928
56.4,EO,50.794,20.366
56.4,EO,68.626,20.187
56.4,EO,6.214,27.862
56.4,EO,6.289,27.782
56.4,EO,90.775,33.567
56.5,EO,50.741,20.348
56.5,EO,68.554,20.012
56.5,EO,6.153,27.808
56.5,EO,6.218,27.78
56.5,EO,43.89,39.019
56.6,EO,50.836,20.236
56.6,EO,68.609,20.008
56.6,EO,6.132,27.754
56.6,EO,6.283,27.728
56.7,EO,50.836,20.324
56.7,EO,68.636,19.923
56.7,EO,6.125,27.838
56.7,EO,6.25,27.809
56.8,EO,50.845,20.241
56.8,EO,68.638,20.058
56.8,EO,6.078,27.689
56.8,EO,6.266,27.675
56.9,EO,50.771,20.247
56.9,EO,68.699,19.951
56.9,EO,6.115,27.697
56.9,EO,6.146,27.704
57.0,EO,50.861,20.147
57.0,EO,68.699,19.935
57.0,EO,6.088,27.67
57.0,EO,6.23,27.594
57.1,EO,50.823,20.19
57.1,EO,6.175,27.638
57.1,EO,6.214,27.537
57.2,EO,50.867,20.178
57.2,EO,68.765,19.905
57.2,EO,6.147,27.61
57.2,EO,6.226,27.57
57.2,EO,61.888,9.359
57.3,EO,50.798,20.066
57.3,EO,68.727,19.905
57.3,EO,6.043,27.44
57.3,EO,6.151,27.499
57.4,EO,50.859,20.126
57.4,EO,68.708,19.869
57.4,EO,6.083,27.43
57.4,EO,6.24,27.461
57.5,EO,50.924,20.008
57.5,EO,68.78,19.852
57.5,EO,6.111,27.42
57.5,EO,6.146,27.394
57.6,EO,50.835,20.153
57.6,EO,68.85,19.806
57.6,EO,6.095,27.475
57.6,EO,6.18,27.373
57.7,EO,50.747,19.972
57.7,EO,68.826,19.733
57.7,EO,6.068,27.312
57.8,EO,50.865,19.91
57.8,EO,68.866,19.791
57.8,EO,6.002,27.249
57.8,EO,6.092,27.369
57.9,EO,50.942,19.974
57.9,EO,68.923,19.802
57.9,EO,6.03,27.26
57.9,EO,6.118,27.353
58.0,EO,50.86,19.918
58.0,EO,68.962,19.819
58.0,EO,5.987,27.324
58.0,EO,6.181,27.222
58.1,EO,50.863,20.007
58.1,EO,68.922,19.77
58.1,EO,5.979,27.226
58.1,EO,6.054,27.183
58.2,EO,50.821,19.918
58.2,EO,68.928,19.651
58.2,EO,5.896,27.085
58.2,EO,6.085,27.042
58.3,EO,50.898,19.804
58.3,EO,68.939,19.625
58.3,EO,6.048,27.126
58.3,EO,6.087,26.981
58.4,EO,50.817,19.862
58.4,EO,69.004,19.665
58.4,EO,5.986,27.042
58.4,EO,6.081,27.026
58.4,EO,178.599,26.388
58.5,EO,50.795,19.803
58.5,EO,69.012,19.619
58.5,EO,5.975,27.001
58.5,EO,5.851,27.018
58.5,EO,172.241,8.038
58.6,EO,50.756,19.867
58.6,EO,69.002,19.614
58.6,EO,5.971,27.053
58.6,EO,6.068,26.943
58.7,EO,50.843,19.819
58.7,EO,69.13,19.69
58.7,EO,5.862,26.964
58.7,EO,5.997,26.965
58.8,EO,50.804,19.858
58.8,EO,69.048,19.524
58.8,EO,5.889,26.822
58.8,EO,6.025,26.88
58.9,EO,50.838,19.793
58.9,EO,69.129,19.551
58.9,EO,5.916,26.863
58.9,EO,5.983,26.935
58.9,EO,4.442,22.487
59.0,EO,50.791,19.673
59.0,EO,69.166,19.578
59.0,EO,5.928,26.936
59.0,EO,5.901,26.792
59.1,EO,50.759,19.704
59.1,EO,69.16,19.564
59.1,EO,5.979,26.767
59.1,EO,5.887,26.713
59.2,EO,50.865,19.667
59.2,EO,69.196,19.532
59.2,EO,5.886,26.678
59.2,EO,6.002,26.748
59.3,EO,50.775,19.747
59.3,EO,69.233,19.409
59.3,EO,5.924,26.69
59.3,EO,5.966,26.771
59.4,EO,69.287,19.463
59.4,EO,5.889,26.655
59.4,EO,5.959,26.742
59.5,EO,50.824,19.633
59.5,EO,69.213,19.405
59.5,EO,5.959,26.648
59.6,EO,50.801,19.709
59.6,EO,69.345,19.4
59.6,EO,5.941,26.574
59.6,EO,5.966,26.593
59.6,EO,53.661,3.518
59.7,EO,50.807,19.564
59.7,EO,69.303,19.452
59.7,EO,5.798,26.469
59.7,EO,5.914,26.495
59.8,EO,50.796,19.59
59.8,EO,69.214,19.369
59.8,EO,5.947,26.6
59.8,EO,5.854,26.437
59.9,EO,50.816,19.555
59.9,EO,69.433,19.423
59.9,EO,5.839,26.516
59.9,EO,5.851,26.46
59.9,EO,70.547,32.0
59.9,EO,146.915,13.648
60.0,EO,50.819,19.552
60.0,EO,69.374,19.341
60.0,EO,5.84,26.365
60.0,EO,5.869,26.426
60.0,EO,51.994,40.529
60.1,EO,50.708,19.538
60.1,EO,69.414,19.268
60.1,EO,5.783,26.32
60.1,EO,5.816,26.327
60.2,EO,50.744,19.454
60.2,EO,69.508,19.361
60.2,EO,5.712,26.384
60.2,EO,5.887,26.388
60.3,EO,50.891,19.391
60.3,EO,69.514,19.265
60.3,EO,5.902,26.35
60.3,EO,5.756,26.43
60.4,EO,50.838,19.414
60.4,EO,69.562,19.34
60.4,EO,5.845,26.284
60.4,EO,5.815,26.223
60.5,EO,50.768,19.416
60.5,EO,69.592,19.272
60.5,EO,5.802,26.225
60.5,EO,5.762,26.244
60.6,EO,50.828,19.427
60.6,EO,69.581,19.293
60.6,EO,5.759,26.321
60.6,EO,5.708,26.244
60.6,EO,102.18,27.837
60.7,EO,50.697,19.416
60.7,EO,69.496,19.235
60.7,EO,5.786,26.207
60.7,EO,5.757,26.124
60.8,EO,50.835,19.372
60.8,EO,69.618,19.189
60.8,EO,5.772,26.106
60.8,EO,5.686,26.093
60.9,EO,50.842,19.253
60.9,EO,69.674,19.112
60.9,EO,5.775,26.16
60.9,EO,5.702,26.193
61.0,EO,50.767,19.372
61.0,EO,69.677,19.083
61.0,EO,5.797,25.984
61.0,EO,5.704,26.121
61.1,EO,50.777,19.311
61.1,EO,69.575,19.226
61.1,EO,5.747,26.016
61.1,EO,5.666,26.048
61.1,EO,177.308,33.572
61.2,EO,50.789,19.283
61.2,EO,69.645,19.135
61.2,EO,5.649,26.004
61.2,EO,5.776,25.963
61.3,EO,50.731,19.288
61.3,EO,69.676,19.165
61.3,EO,5.793,25.875
61.3,EO,5.772,25.964
61.4,EO,50.79,19.174
61.4,EO,69.857,19.098
61.4,EO,5.614,25.837
61.4,EO,5.638,25.905
61.4,EO,140.702,17.564
61.4,EO,11.866,35.67
61.5,EO,50.793,19.317
61.5,EO,69.801,19.001
61.5,EO,5.697,25.904
61.5,EO,5.68,26.007
61.6,EO,50.821,19.278
61.6,EO,69.835,18.986
61.6,EO,5.754,25.91
61.6,EO,5.641,25.856
61.7,EO,50.954,19.19
61.7,EO,69.724,19.001
61.7,EO,5.742,25.835
61.7,EO,5.755,25.778
61.8,EO,50.826,19.212
61.8,EO,69.864,18.965
61.8,EO,5.756,25.852
61.8,EO,5.599,25.82
61.9,EO,50.833,19.099
61.9,EO,69.781,18.953
61.9,EO,5.67,25.703
61.9,EO,5.62,25.837
61.9,EO,17.068,35.463
62.0,EO,50.701,19.047
62.0,EO,5.607,25.677
62.0,EO,5.61,25.761
62.1,EO,50.851,19.11
62.1,EO,69.887,18.9
62.1,EO,5.715,25.6
62.1,EO,5.606,25.699
62.2,EO,50.762,19.113
62.2,EO,69.836,18.762
62.2,EO,5.641,25.653
62.2,EO,5.569,25.66
62.3,EO,50.749,19.045
62.3,EO,69.972,18.908
62.3,EO,5.652,25.629
62.3,EO,5.581,25.581
62.4,EO,50.683,19.052
62.4,EO,69.857,18.903
62.4,EO,5.697,25.541
62.4,EO,5.584,25.578
62.5,EO,50.721,19.027
62.5,EO,69.979,18.871
62.5,EO,5.629,25.591
62.5,EO,5.624,25.592
62.6,EO,50.797,18.941
62.6,EO,70.048,18.893
62.6,EO,5.646,25.501
62.6,EO,5.676,25.506
62.7,EO,50.755,19.016
62.7,EO,69.991,18.881
62.7,EO,5.607,25.411
62.7,EO,5.516,25.446
62.8,EO,50.674,18.88
62.8,EO,69.943,18.795
62.8,EO,5.72,25.529
62.8,EO,5.483,25.372
62.9,EO,50.756,19.015
62.9,EO,70.044,18.744
62.9,EO,5.468,25.364
62.9,EO,5.493,25.433
62.9,EO,37.108,26.361
63.0,EO,50.778,18.88
63.0,EO,70.078,18.783
63.0,EO,5.612,25.312
63.0,EO,5.475,25.297
63.1,EO,50.775,18.984
63.1,EO,70.126,18.754
63.1,EO,5.653,25.308
63.1,EO,5.468,25.351
63.2,EO,50.767,18.84
63.2,EO,70.116,18.8
63.2,EO,5.671,25.253
63.2,EO,5.528,25.239
63.3,EO,70.065,18.681
63.3,EO,5.605,25.317
63.3,EO,5.601,25.174
63.3,EO,134.746,11.348
63.4,EO,50.757,18.783
63.4,EO,70.152,18.753
63.4,EO,5.547,25.127
63.4,EO,5.41,25.149
63.4,EO,124.354,28.644
63.5,EO,50.714,18.843
63.5,EO,70.155,18.69
63.5,EO,5.507,25.121
63.5,EO,5.463,25.234
63.6,EO,50.759,18.738
63.6,EO,70.208,18.63
63.6,EO,5.575,25.135
63.6,EO,5.387,25.151
63.7,EO,50.752,18.802
63.7,EO,70.207,18.614
63.7,EO,5.455,25.148
63.7,EO,5.371,25.088
63.7,EO,94.308,26.9
63.7,EO,49.507,30.351
63.8,EO,50.771,18.722
63.8,EO,70.158,18.628
63.8,EO,5.547,25.09
63.8,EO,5.44,25.069
63.9,EO,50.755,18.688
63.9,EO,70.263,18.576
63.9,EO,5.581,25.021
63.9,EO,5.37,25.023
64.0,EO,50.781,18.681
64.0,EO,70.27,18.736
64.0,EO,5.45,24.926
64.0,EO,5.478,24.977
64.0,EO,95.049,34.801
64.1,EO,50.805,18.707
64.1,EO,70.311,18.669
64.1,EO,5.487,25.016
64.1,EO,5.415,24.983
64.2,EO,50.773,18.632
64.2,EO,70.338,18.536
64.2,EO,5.463,24.986
64.2,EO,5.397,25.072
64.3,EO,50.758,18.605
64.3,EO,70.336,18.566
64.3,EO,5.442,24.893
64.3,EO,5.457,24.834
64.3,EO,142.024,43.591
64.4,EO,50.708,18.618
64.4,EO,70.42,18.538
64.4,EO,5.51,24.859
64.4,EO,5.312,24.977
64.5,EO,50.699,18.544
64.5,EO,70.357,18.476
64.5,EO,5.46,24.788
64.5,EO,5.321,24.798
64.6,EO,50.767,18.584
64.6,EO,70.37,18.415
64.6,EO,5.539,24.76
64.6,EO,5.309,24.765
64.7,EO,50.86,18.632
64.7,EO,70.482,18.44
64.7,EO,5.488,24.851
64.7,EO,5.353,24.782
64.7,EO,17.155,6.851
64.8,EO,50.717,18.468
64.8,EO,70.418,18.451
64.8,EO,5.465,24.723
64.8,EO,5.311,24.871
64.8,EO,55.265,5.72
64.9,EO,50.733,18.558
64.9,EO,70.443,18.443
64.9,EO,5.528,24.703
64.9,EO,5.326,24.625
64.9,EO,131.429,44.469
65.0,EO,50.652,18.474
65.0,EO,70.603,18.406
65.0,EO,5.471,24.661
65.0,EO,5.366,24.692
65.1,EO,50.738,18.47
65.1,EO,70.565,18.394
65.1,EO,5.458,24.608
65.1,EO,5.324,24.675
65.1,EO,23.984,43.051
65.2,EO,50.683,18.485
65.2,EO,70.503,18.27
65.2,EO,5.552,24.598
65.2,EO,5.408,24.631
65.3,EO,50.751,18.423
65.3,EO,70.625,18.404
65.3,EO,5.424,24.548
65.3,EO,5.338,24.713
65.4,EO,50.779,18.401
65.4,EO,70.576,18.204
65.4,EO,5.45,24.602
65.4,EO,5.208,24.532
65.5,EO,50.781,18.404
65.5,EO,70.519,18.305
65.5,EO,5.5,24.539
65.5,EO,5.338,24.494
65.6,EO,50.694,18.435
65.6,EO,70.667,18.305
65.6,EO,5.442,24.475
65.6,EO,5.218,24.444
65.7,EO,70.655,18.361
65.7,EO,5.415,24.354
65.7,EO,5.274,24.489
65.8,EO,50.752,18.407
65.8,EO,70.736,18.313
65.8,EO,5.424,24.341
65.8,EO,5.271,24.493
65.9,EO,50.777,18.352
65.9,EO,70.716,18.219
65.9,EO,5.428,24.398
65.9,EO,5.269,24.246
66.0,EO,50.838,18.358
66.0,EO,70.73,18.229
66.0,EO,5.419,24.303
66.0,EO,5.157,24.376
66.1,EO,50.716,18.328
66.1,EO,70.686,18.147
66.1,EO,5.344,24.337
66.1,EO,5.284,24.354
66.2,EO,50.626,18.26
66.2,EO,70.746,18.255
66.2,EO,5.413,24.264
66.2,EO,5.166,24.299
66.3,EO,50.775,18.32
66.3,EO,70.698,18.176
66.3,EO,5.463,24.218
66.3,EO,5.22,24.185
66.4,EO,50.737,18.247
66.4,EO,70.766,18.073
66.4,EO,5.291,24.198
66.4,EO,5.203,24.273
66.5,EO,50.711,18.247
66.5,EO,70.872,18.138
66.5,EO,5.36,24.252
66.5,EO,5.163,24.216
66.6,EO,50.729,18.174
66.6,EO,70.761,18.165
66.6,EO,5.37,24.182
66.6,EO,5.066,24.153
66.7,EO,70.824,18.003
66.7,EO,5.347,24.03
66.7,EO,5.207,24.063
66.8,EO,50.743,18.111
66.8,EO,5.277,24.069
66.9,EO,50.828,18.209
66.9,EO,70.917,17.977
66.9,EO,5.28,24.014
66.9,EO,5.149,24.049
66.9,EO,109.366,43.153
67.0,EO,50.696,18.221
67.0,EO,70.952,18.105
67.0,EO,5.345,24.078
67.0,EO,5.056,24.016
67.1,EO,50.642,18.173
67.1,EO,70.923,18.062
67.1,EO,5.361,23.934
67.1,EO,5.026,23.908
67.2,EO,50.749,18.065
67.2,EO,70.975,18.031
67.2,EO,5.393,23.989
67.2,EO,5.135,23.877
67.3,EO,50.724,18.108
67.3,EO,71.016,17.94
67.3,EO,5.269,23.948
67.3,EO,5.134,23.954
67.4,EO,50.778,18.072
67.4,EO,70.932,17.9
67.4,EO,5.358,23.919
67.4,EO,5.079,23.892
67.5,EO,50.667,18.0
67.5,EO,5.477,23.799
67.5,EO,5.0,23.855
67.6,EO,50.709,18.015
67.6,EO,70.977,17.918
67.6,EO,5.321,23.863
67.6,EO,5.049,23.757
67.7,EO,50.768,18.072
67.7,EO,71.016,17.932
67.7,EO,5.295,23.775
67.7,EO,5.077,23.795
67.8,EO,50.692,17.998
67.8,EO,70.993,17.92
67.8,EO,5.337,23.778
67.8,EO,5.107,23.802
67.8,EO,117.312,12.805
67.9,EO,50.771,17.88
67.9,EO,71.004,17.854
67.9,EO,5.402,23.753
67.9,EO,5.023,23.774
68.0,EO,50.8,17.899
68.0,EO,71.128,17.896
68.0,EO,5.297,23.741
68.0,EO,5.019,23.718
68.1,EO,50.662,17.946
68.1,EO,71.165,17.86
68.1,EO,5.284,23.742
68.1,EO,5.004,23.67
68.1,EO,10.106,18.767
68.2,EO,50.645,17.928
68.2,EO,71.259,17.942
68.2,EO,5.233,23.678
68.2,EO,5.045,23.641
68.3,EO,50.733,17.82
68.3,EO,71.174,17.854
68.3,EO,5.283,23.616
68.3,EO,4.988,23.555
68.4,EO,50.659,17.828
68.4,EO,71.202,17.707
68.4,EO,5.327,23.566
68.4,EO,5.041,23.637
68.5,EO,50.811,17.893
68.5,EO,71.187,17.709
68.5,EO,5.013,23.621
68.6,EO,50.75,17.83
68.6,EO,71.298,17.843
68.6,EO,5.248,23.42
68.6,EO,4.933,23.53
68.7,EO,71.201,17.824
68.7,EO,5.25,23.545
68.7,EO,5.002,23.522
68.8,EO,50.744,17.715
68.8,EO,71.32,17.715
68.8,EO,5.241,23.471
68.8,EO,4.944,23.485
68.9,EO,50.767,17.716
68.9,EO,71.346,17.733
68.9,EO,5.159,23.352
68.9,EO,4.987,23.437
69.0,EO,50.68,17.736
69.0,EO,71.369,17.655
69.0,EO,5.22,23.427
69.0,EO,4.908,23.479
69.0,EO,43.801,13.539
69.1,EO,50.736,17.784
69.1,EO,71.448,17.659
69.1,EO,5.174,23.341
69.1,EO,4.931,23.449
69.2,EO,50.826,17.718
69.2,EO,71.416,17.587
69.2,EO,5.246,23.341
69.2,EO,4.859,23.356
69.3,EO,50.677,17.656
69.3,EO,71.402,17.68
69.3,EO,5.104,23.338
69.3,EO,4.943,23.289
69.4,EO,50.836,17.738
69.4,EO,71.42,17.559
69.4,EO,5.083,23.373
69.4,EO,4.92,23.304
69.4,EO,145.312,23.67
69.5,EO,50.629,17.752
69.5,EO,5.156,23.193
69.5,EO,4.902,23.242
69.6,EO,71.422,17.765
69.6,EO,5.152,23.176
69.6,EO,4.797,23.252
69.6,EO,150.839,24.512
69.7,EO,50.831,17.594
69.7,EO,71.423,17.553
69.7,EO,5.232,23.173
69.7,EO,4.895,23.158
69.8,EO,50.696,17.59
69.8,EO,71.397,17.513
69.8,EO,5.219,23.23
69.8,EO,4.892,23.174
69.9,EO,50.622,17.635
69.9,EO,71.495,17.569
69.9,EO,4.898,23.159
70.0,EO,50.683,17.586
70.0,EO,71.526,17.569
70.0,EO,5.224,23.147
70.0,EO,4.859,23.172
70.1,EO,50.707,17.623
70.1,EO,71.5,17.528
70.1,EO,5.209,23.032
70.1,EO,4.829,23.093
70.2,EO,50.709,17.538
70.2,EO,71.609,17.409
70.2,EO,4.852,22.989
70.3,EO,50.765,17.56
70.3,EO,71.55,17.542
70.3,EO,5.152,23.021
70.3,EO,4.957,23.012
70.3,EO,164.315,41.308
70.4,EO,50.681,17.523
70.4,EO,71.536,17.533
70.4,EO,5.03,23.081
70.4,EO,4.802,23.085
70.4,EO,35.574,16.744
70.5,EO,50.728,17.524
70.5,EO,71.613,17.373
70.5,EO,5.153,23.062
70.5,EO,4.758,22.972
70.6,EO,50.71,17.428
70.6,EO,71.644,17.518
70.6,EO,5.18,22.985
70.6,EO,4.756,22.955
70.6,EO,143.234,29.057
70.7,EO,50.702,17.472
70.7,EO,71.532,17.434
70.7,EO,5.065,22.939
70.7,EO,4.771,23.009
70.8,EO,50.726,17.449
70.8,EO,71.709,17.378
70.8,EO,5.156,22.874
70.8,EO,4.802,22.874
70.9,EO,50.676,17.471
70.9,EO,71.666,17.373
70.9,EO,5.108,22.917
70.9,EO,4.735,22.713
71.0,EO,50.662,17.393
71.0,EO,71.771,17.391
71.0,EO,5.141,22.804
71.0,EO,4.792,22.871
71.1,EO,50.714,17.435
71.1,EO,71.668,17.327
71.1,EO,5.144,22.854
71.1,EO,4.725,22.784
71.2,EO,50.683,17.318
71.2,EO,71.735,17.318
71.2,EO,5.161,22.712
71.2,EO,4.81,22.777
71.3,EO,50.702,17.354
71.3,EO,71.82,17.389
71.3,EO,5.165,22.716
71.3,EO,4.73,22.786
71.4,EO,50.745,17.361
71.4,EO,71.745,17.339
71.4,EO,5.025,22.748
71.4,EO,4.81,22.646
71.5,EO,50.653,17.313
71.5,EO,71.806,17.263
71.5,EO,5.002,22.65
71.5,EO,4.711,22.575
71.6,EO,50.681,17.372
71.6,EO,71.723,17.247
71.6,EO,5.09,22.588
71.6,EO,4.716,22.654
71.7,EO,50.721,17.266
71.7,EO,71.806,17.38
71.7,EO,5.091,22.572
71.7,EO,4.638,22.553
71.8,EO,50.795,17.264
71.8,EO,71.773,17.259
71.8,EO,5.111,22.638
71.8,EO,4.725,22.569
71.9,EO,50.722,17.289
71.9,EO,71.913,17.16
71.9,EO,5.053,22.492
71.9,EO,4.671,22.641
72.0,EO,50.714,17.226
72.0,EO,71.928,17.283
72.0,EO,4.978,22.45
72.0,EO,4.564,22.637
72.1,EO,50.642,17.288
72.1,EO,71.859,17.169
72.1,EO,5.086,22.568
72.1,EO,4.673,22.571
72.2,EO,50.663,17.179
72.2,EO,71.88,17.168
72.2,EO,5.135,22.394
72.2,EO,4.625,22.53
72.3,EO,50.732,17.251
72.3,EO,71.905,17.189
72.3,EO,5.032,22.427
72.3,EO,4.669,22.516
72.4,EO,50.67,17.238
72.4,EO,72.095,17.175
72.4,EO,5.053,22.42
72.4,EO,4.664,22.463
72.5,EO,50.672,17.153
72.5,EO,72.066,17.117
72.5,EO,5.047,22.412
72.5,EO,4.601,22.36
72.5,EO,83.424,16.257
72.6,EO,50.715,17.155
72.6,EO,71.992,17.157
72.6,EO,5.012,22.361
72.6,EO,4.541,22.406
72.7,EO,50.68,17.17
72.7,EO,72.028,17.167
72.7,EO,5.063,22.314
72.7,EO,4.65,22.313
72.8,EO,50.696,17.135
72.8,EO,72.089,17.104
72.8,EO,5.036,22.261
72.8,EO,4.65,22.299
72.9,EO,50.642,17.159
72.9,EO,72.141,16.975
72.9,EO,5.083,22.242
72.9,EO,4.589,22.265
72.9,EO,94.154,43.595
73.0,EO,50.641,17.138
73.0,EO,72.021,17.0
73.0,EO,5.034,22.273
73.0,EO,4.585,22.225
73.1,EO,50.7,16.993
73.1,EO,72.142,17.014
73.1,EO,4.885,22.204
73.1,EO,4.68,22.186
73.2,EO,50.654,17.035
73.2,EO,72.035,17.011
73.2,EO,5.022,22.197
73.2,EO,4.614,22.256
73.3,EO,50.755,17.071
73.3,EO,72.076,17.002
73.3,EO,4.902,22.202
73.3,EO,4.606,22.156
73.4,EO,50.681,17.043
73.4,EO,72.199,16.946
73.4,EO,4.967,22.146
73.4,EO,4.618,22.233
73.5,EO,50.675,16.918
73.5,EO,72.147,17.012
73.5,EO,4.918,22.077
73.5,EO,4.576,22.107
73.6,EO,50.734,16.915
73.6,EO,72.229,16.964
73.6,EO,5.028,22.12
73.6,EO,4.542,22.265
73.7,EO,50.636,17.061
73.7,EO,72.269,16.969
73.7,EO,4.927,22.078
73.7,EO,4.615,22.098
73.8,EO,50.602,16.84
73.8,EO,72.197,16.928
73.8,EO,5.034,22.069
73.8,EO,4.564,22.07
73.8,EO,111.074,36.126
73.8,EO,0.187,23.716
73.9,EO,50.777,16.995
73.9,EO,72.21,16.861
73.9,EO,4.947,21.918
73.9,EO,4.553,22.077
74.0,EO,50.784,16.924
74.0,EO,72.224,16.944
74.0,EO,4.931,21.929
74.0,EO,4.586,21.971
74.1,EO,50.682,16.957
74.1,EO,72.275,16.932
74.1,EO,4.917,21.914
74.1,EO,4.565,22.031
74.2,EO,50.649,16.918
74.2,EO,72.296,16.853
74.2,EO,4.961,21.965
74.2,EO,4.534,21.971
74.3,EO,50.722,16.933
74.3,EO,72.256,16.823
74.3,EO,4.948,21.903
74.3,EO,4.444,21.817
74.3,EO,161.289,27.413
74.4,EO,50.633,16.866
74.4,EO,72.256,16.789
74.4,EO,4.924,21.895
74.4,EO,4.476,21.897
74.4,EO,21.584,36.332
74.5,EO,50.587,16.84
74.5,EO,72.422,16.804
74.5,EO,4.983,21.809
74.5,EO,4.513,21.875
74.6,EO,50.708,16.802
74.6,EO,72.403,16.851
74.6,EO,4.955,21.864
74.6,EO,4.476,21.851
74.6,EO,155.373,40.998
74.7,EO,50.619,16.836
74.7,EO,72.293,16.854
74.7,EO,4.898,21.896
74.7,EO,4.474,21.855
74.8,EO,50.682,16.888
74.8,EO,72.372,16.741
74.8,EO,4.969,21.779
74.8,EO,4.436,21.762
74.9,EO,50.665,16.761
74.9,EO,72.417,16.784
74.9,EO,4.901,21.859
74.9,EO,4.402,21.718
74.9,EO,14.917,23.402
75.0,EO,50.677,16.798
75.0,EO,72.397,16.81
75.0,EO,4.97,21.696
75.0,EO,4.393,21.692
75.1,EO,50.665,16.722
75.1,EO,72.465,16.707
75.1,EO,4.886,21.773
75.1,EO,4.404,21.655
75.1,EO,143.962,20.255
75.2,EO,50.796,16.727
75.2,EO,72.396,16.762
75.2,EO,4.925,21.616
75.2,EO,4.443,21.693
75.3,EO,50.778,16.66
75.3,EO,72.334,16.745
75.3,EO,4.861,21.581
75.3,EO,4.467,21.567
75.4,EO,50.754,16.721
75.4,EO,72.472,16.775
75.4,EO,4.837,21.608
75.4,EO,4.391,21.549
75.5,EO,50.655,16.679
75.5,EO,72.623,16.682
75.5,EO,4.848,21.582
75.5,EO,4.371,21.598
75.6,EO,50.673,16.704
75.6,EO,72.584,16.67
75.6,EO,4.772,21.551
75.6,EO,4.49,21.611
75.6,EO,91.448,19.143
75.7,EO,50.721,16.689
75.7,EO,72.53,16.603
75.7,EO,4.899,21.561
75.7,EO,4.397,21.565
75.8,EO,50.633,16.563
75.8,EO,72.476,16.621
75.8,EO,4.887,21.617
75.8,EO,4.502,21.52
75.9,EO,50.721,16.623
75.9,EO,72.484,16.626
75.9,EO,4.846,21.551
75.9,EO,4.349,21.585
75.9,EO,94.203,34.591
76.0,EO,50.661,16.537
76.0,EO,72.677,16.65
76.0,EO,4.802,21.434
76.0,EO,4.339,21.362
76.1,EO,50.753,16.642
76.1,EO,72.617,16.488
76.1,EO,4.879,21.435
76.1,EO,4.318,21.405
76.2,EO,50.669,16.588
76.2,EO,72.664,16.665
76.2,EO,4.866,21.443
76.2,EO,4.441,21.531
76.3,EO,50.673,16.527
76.3,EO,72.682,16.573
76.3,EO,4.815,21.368
76.3,EO,4.367,21.425
76.3,EO,11.254,15.886
76.4,EO,50.67,16.535
76.4,EO,72.724,16.603
76.4,EO,4.79,21.461
76.4,EO,4.321,21.45
76.5,EO,50.741,16.482
76.5,EO,72.721,16.664
76.5,EO,4.9,21.341
76.5,EO,4.331,21.353
76.5,EO,139.557,25.99
76.5,EO,46.756,39.395
76.6,EO,72.713,16.448
76.6,EO,4.832,21.371
76.6,EO,4.419,21.335
76.7,EO,50.688,16.443
76.7,EO,72.867,16.519
76.7,EO,4.839,21.264
76.7,EO,4.428,21.356
76.7,EO,74.706,4.781
76.8,EO,50.511,16.603
76.8,EO,72.75,16.543
76.8,EO,4.851,21.243
76.8,EO,4.33,21.35
76.9,EO,50.726,16.443
76.9,EO,72.731,16.471
76.9,EO,4.782,21.251
76.9,EO,4.366,21.345
76.9,EO,158.87,13.776
77.0,EO,50.693,16.492
77.0,EO,72.76,16.499
77.0,EO,4.848,21.213
77.0,EO,4.258,21.194
77.0,EO,107.464,12.936
77.1,EO,50.618,16.457
77.1,EO,72.746,16.447
77.1,EO,4.757,21.177
77.1,EO,4.256,21.12
77.2,EO,50.597,16.403
77.2,EO,72.73,16.416
77.2,EO,4.815,21.146
77.2,EO,4.309,21.263
77.3,EO,50.593,16.41
77.3,EO,72.793,16.37
77.3,EO,4.765,21.16
77.3,EO,4.283,21.16
77.4,EO,50.772,16.437
77.4,EO,72.992,16.355
77.4,EO,4.709,21.103
77.4,EO,4.286,21.132
77.5,EO,50.633,16.391
77.5,EO,72.775,16.349
77.5,EO,4.812,21.161
77.5,EO,4.25,21.06
77.6,EO,50.647,16.355
77.6,EO,72.837,16.333
77.6,EO,4.624,21.035
77.6,EO,4.247,21.14
77.7,EO,50.657,16.315
77.7,EO,72.887,16.336
77.7,EO,4.826,21.02
77.7,EO,4.194,21.058
77.8,EO,50.697,16.367
77.8,EO,72.913,16.375
77.8,EO,4.751,20.964
77.8,EO,4.333,21.119
77.9,EO,50.642,16.375
77.9,EO,72.816,16.437
77.9,EO,4.784,20.982
77.9,EO,4.162,20.964
78.0,EO,50.643,16.281
78.0,EO,72.904,16.264
78.0,EO,4.764,20.952
78.0,EO,4.234,20.967
78.1,EO,50.691,16.222
78.1,EO,72.907,16.28
78.1,EO,4.779,21.0
78.1,EO,4.244,20.868
78.2,EO,50.718,16.244
78.2,EO,72.975,16.343
78.2,EO,4.77,20.96
78.2,EO,4.137,20.819
78.3,EO,50.689,16.299
78.3,EO,72.952,16.265
78.3,EO,4.828,20.934
78.3,EO,4.277,20.896
78.4,EO,50.606,16.23
78.4,EO,73.048,16.284
78.4,EO,4.657,20.965
78.4,EO,4.144,20.853
78.5,EO,50.642,16.185
78.5,EO,73.069,16.282
78.5,EO,4.754,20.714
78.5,EO,4.22,20.842
78.6,EO,50.701,16.232
78.6,EO,72.997,16.237
78.6,EO,4.723,20.696
78.6,EO,4.174,20.955
78.7,EO,50.664,16.283
78.7,EO,73.08,16.197
78.7,EO,4.729,20.765
78.7,EO,4.103,20.857
78.8,EO,50.57,16.131
78.8,EO,73.051,16.213
78.8,EO,4.718,20.705
78.8,EO,4.195,20.804
78.8,EO,60.664,6.596
78.9,EO,50.747,16.117
78.9,EO,73.019,16.218
78.9,EO,4.69,20.689
78.9,EO,4.139,20.791
79.0,EO,50.577,16.138
79.0,EO,73.089,16.146
79.0,EO,4.678,20.679
79.0,EO,4.217,20.722
79.1,EO,50.696,16.097
79.1,EO,73.066,16.182
79.1,EO,4.729,20.634
79.1,EO,4.215,20.676
79.2,EO,50.657,16.051
79.2,EO,73.082,16.154
79.2,EO,4.725,20.654
79.2,EO,4.158,20.641
79.3,EO,50.658,16.09
79.3,EO,73.137,16.046
79.3,EO,4.75,20.659
79.3,EO,4.16,20.641
79.3,EO,151.498,8.956
79.3,EO,48.362,26.822
79.4,EO,50.606,16.168
79.4,EO,73.17,16.139
79.4,EO,4.728,20.605
79.4,EO,4.044,20.662
79.5,EO,50.646,16.139
79.5,EO,73.167,16.14
79.5,EO,4.712,20.493
79.5,EO,4.198,20.559
79.5,EO,55.73,32.35
79.6,EO,50.751,16.019
79.6,EO,73.139,16.147
79.6,EO,4.652,20.654
79.6,EO,4.077,20.537
79.6,EO,173.586,5.317
79.7,EO,50.663,15.991
79.7,EO,73.103,16.017
79.7,EO,4.656,20.645
79.7,EO,4.107,20.6
79.8,EO,50.66,16.039
79.8,EO,73.266,16.004
79.8,EO,4.635,20.559
79.8,EO,4.054,20.568
79.9,EO,50.688,16.037
79.9,EO,73.211,16.085
79.9,EO,4.667,20.507
79.9,EO,4.102,20.532
80.0,EO,50.604,16.023
80.0,EO,4.705,20.46
80.0,EO,4.111,20.57
80.1,EO,50.639,15.992
80.1,EO,73.297,16.037
80.1,EO,4.661,20.446
80.1,EO,4.05,20.535
80.2,EO,50.663,15.95
80.2,EO,73.303,15.975
80.2,EO,4.686,20.399
80.2,EO,4.088,20.403
80.2,EO,83.967,41.996
80.3,EO,50.704,15.988
80.3,EO,73.326,16.026
80.3,EO,4.689,20.493
80.3,EO,4.061,20.458
80.4,EO,50.7,15.923
80.4,EO,73.285,16.039
80.4,EO,4.636,20.338
80.4,EO,4.098,20.421
80.5,EO,50.68,15.929
80.5,EO,73.281,16.089
80.5,EO,4.654,20.402
80.5,EO,4.064,20.388
80.6,EO,50.559,16.005
80.6,EO,73.378,15.86
80.6,EO,4.709,20.558
80.6,EO,4.109,20.392
80.7,EO,50.586,15.842
80.7,EO,73.411,15.931
80.7,EO,4.634,20.271
80.7,EO,4.019,20.272
80.8,EO,50.669,15.921
80.8,EO,73.363,16.012
80.8,EO,4.652,20.31
80.8,EO,4.059,20.298
80.9,EO,50.644,15.869
80.9,EO,73.455,15.959
80.9,EO,4.611,20.27
80.9,EO,3.944,20.263
81.0,EO,50.648,15.918
81.0,EO,73.402,15.8
81.0,EO,4.629,20.28
81.0,EO,3.99,20.13
81.1,EO,50.64,15.785
81.1,EO,73.406,15.816
81.1,EO,4.597,20.205
81.1,EO,4.038,20.253
81.1,EO,161.213,44.957
81.2,EO,50.586,15.795
81.2,EO,73.543,15.797
81.2,EO,4.618,20.198
81.2,EO,4.003,20.216
81.2,EO,14.91,44.649
81.3,EO,50.63,15.815
81.3,EO,73.462,15.809
81.3,EO,4.619,20.188
81.3,EO,4.015,20.111
81.4,EO,50.651,15.897
81.4,EO,73.543,15.87
81.4,EO,4.697,20.131
81.4,EO,4.039,20.182
81.4,EO,42.006,20.307
81.5,EO,50.67,15.815
81.5,EO,73.444,15.791
81.5,EO,4.582,20.141
81.5,EO,4.115,20.163
81.6,EO,50.603,15.87
81.6,EO,73.515,15.75
81.6,EO,4.564,20.073
81.6,EO,3.864,20.122
81.7,EO,50.71,15.731
81.7,EO,73.487,15.792
81.7,EO,4.715,20.137
81.7,EO,4.072,20.127
81.8,EO,50.641,15.764
81.8,EO,73.546,15.706
81.8,EO,4.597,20.022
81.8,EO,3.987,20.102
81.9,EO,50.629,15.754
81.9,EO,73.538,15.824
81.9,EO,4.543,20.028
81.9,EO,3.941,20.0
82.0,EO,50.594,15.714
82.0,EO,73.615,15.725
82.0,EO,4.537,19.976
82.0,EO,3.961,20.05
82.1,EO,50.55,15.737
82.1,EO,73.554,15.759
82.1,EO,4.648,20.036
82.1,EO,3.932,19.94
82.2,EO,50.566,15.729
82.2,EO,73.591,15.714
82.2,EO,4.57,19.934
82.2,EO,3.94,20.015
82.3,EO,50.555,15.71
82.3,EO,73.735,15.696
82.3,EO,4.708,19.975
82.3,EO,3.899,20.057
82.4,EO,50.607,15.653
82.4,EO,73.69,15.688
82.4,EO,4.625,19.918
82.5,EO,50.52,15.683
82.5,EO,73.621,15.683
82.5,EO,4.568,19.853
82.5,EO,3.944,19.99
82.5,EO,53.948,29.874
82.6,EO,50.557,15.648
82.6,EO,73.713,15.641
82.6,EO,4.566,19.865
82.6,EO,3.979,19.92
82.7,EO,50.544,15.64
82.7,EO,73.712,15.692
82.7,EO,4.601,19.863
82.7,EO,3.908,19.915
82.8,EO,50.729,15.651
82.8,EO,73.606,15.577
82.8,EO,4.548,19.845
82.8,EO,3.975,19.978
82.9,EO,50.639,15.551
82.9,EO,73.803,15.618
82.9,EO,4.597,19.892
82.9,EO,3.899,19.823
83.0,EO,50.587,15.634
83.0,EO,73.829,15.638
83.0,EO,3.889,19.737
83.1,EO,50.547,15.562
83.1,EO,73.71,15.621
83.1,EO,4.513,19.785
83.1,EO,3.9,19.807
83.1,EO,114.004,18.523
83.2,EO,50.619,15.538
83.2,EO,73.694,15.63
83.2,EO,4.501,19.741
83.2,EO,3.806,19.76
83.3,EO,50.703,15.576
83.3,EO,73.851,15.577
83.3,EO,4.524,19.823
83.3,EO,3.855,19.79
83.4,EO,50.645,15.515
83.4,EO,73.698,15.577
83.4,EO,4.664,19.732
83.4,EO,3.812,19.804
83.5,EO,50.641,15.543
83.5,EO,73.788,15.564
83.5,EO,4.534,19.724
83.5,EO,3.878,19.677
83.6,EO,50.534,15.408
83.6,EO,73.878,15.479
83.6,EO,4.493,19.668
83.6,EO,3.804,19.64
83.7,EO,50.567,15.523
83.7,EO,73.795,15.543
83.7,EO,4.55,19.612
83.7,EO,3.847,19.677
83.8,EO,50.632,15.432
83.8,EO,73.88,15.485
83.8,EO,4.506,19.652
83.8,EO,3.724,19.596
83.9,EO,50.532,15.454
83.9,EO,73.858,15.502
83.9,EO,4.554,19.639
83.9,EO,3.833,19.772
84.0,EO,50.666,15.48
84.0,EO,73.894,15.386
84.0,EO,4.486,19.657
84.0,EO,3.858,19.582
84.1,EO,50.639,15.376
84.1,EO,73.866,15.502
84.1,EO,4.5,19.509
84.1,EO,3.97,19.671
84.2,EO,50.471,15.419
84.2,EO,73.881,15.441
84.2,EO,4.516,19.494
84.2,EO,3.83,19.52
84.3,EO,50.592,15.374
84.3,EO,73.87,15.343
84.3,EO,4.507,19.57
84.3,EO,3.897,19.555
84.3,EO,97.618,10.567
84.4,EO,50.556,15.366
84.4,EO,4.461,19.446
84.4,EO,3.832,19.528
84.5,EO,50.638,15.445
84.5,EO,73.938,15.473
84.5,EO,4.476,19.486
84.5,EO,3.824,19.505
84.6,EO,50.618,15.431
84.6,EO,73.966,15.476
84.6,EO,4.495,19.443
84.6,EO,3.771,19.396
84.7,EO,50.632,15.369
84.7,EO,73.983,15.425
84.7,EO,4.473,19.533
84.7,EO,3.806,19.466
84.8,EO,50.627,15.31
84.8,EO,4.47,19.454
84.8,EO,3.697,19.469
84.9,EO,50.655,15.252
84.9,EO,73.989,15.26
84.9,EO,3.764,19.382
85.0,EO,50.523,15.372
85.0,EO,73.969,15.304
85.0,EO,4.392,19.389
85.0,EO,3.76,19.342
85.1,EO,50.627,15.256
85.1,EO,74.065,15.264
85.1,EO,4.405,19.309
85.1,EO,3.753,19.316
85.2,EO,50.518,15.208
85.2,EO,74.021,15.409
85.2,EO,4.464,19.289
85.2,EO,3.71,19.421
85.3,EO,50.654,15.381
85.3,EO,74.077,15.3
85.3,EO,4.369,19.319
85.3,EO,3.858,19.245
85.4,EO,50.601,15.247
85.4,EO,74.017,15.217
85.4,EO,4.391,19.305
85.4,EO,3.739,19.291
85.5,EO,50.56,15.247
85.5,EO,74.084,15.265
85.5,EO,4.334,19.271
85.5,EO,3.71,19.256
85.6,EO,50.667,15.183
85.6,EO,74.067,15.324
85.6,EO,3.778,19.243
85.7,EO,50.569,15.204
85.7,EO,74.085,15.318
85.7,EO,4.391,19.269
85.7,EO,3.786,19.269
85.8,EO,50.584,15.22
85.8,EO,74.102,15.284
85.8,EO,4.427,19.207
85.8,EO,3.756,19.217
85.9,EO,50.616,15.178
85.9,EO,74.043,15.309
85.9,EO,4.432,19.166
85.9,EO,3.8,19.303
86.0,EO,50.613,15.263
86.0,EO,74.168,15.196
86.0,EO,4.4,19.267
86.0,EO,3.768,19.25
86.1,EO,50.524,15.128
86.1,EO,74.166,15.238
86.1,EO,4.523,19.132
86.1,EO,3.729,19.254
86.1,EO,116.691,17.67
86.2,EO,50.628,15.211
86.2,EO,74.136,15.208
86.2,EO,4.401,19.085
86.2,EO,3.699,19.22
86.3,EO,50.636,15.096
86.3,EO,74.288,15.207
86.3,EO,4.441,19.128
86.3,EO,3.738,19.167
86.4,EO,50.599,15.105
86.4,EO,74.169,15.112
86.4,EO,4.331,18.996
86.4,EO,3.713,19.132
86.5,EO,50.548,15.098
86.5,EO,74.235,15.146
86.5,EO,4.406,19.091
86.5,EO,3.683,19.097
86.6,EO,50.639,15.106
86.6,EO,74.169,15.141
86.6,EO,4.432,18.982
86.6,EO,3.721,19.036
86.7,EO,50.654,15.122
86.7,EO,74.236,15.134
86.7,EO,4.399,19.005
86.7,EO,3.718,19.106
86.8,EO,50.57,14.981
86.8,EO,74.223,15.118
86.8,EO,4.342,18.936
86.8,EO,3.663,19.031
86.9,EO,50.524,15.09
86.9,EO,74.27,15.118
86.9,EO,4.349,18.982
86.9,EO,3.642,18.955
87.0,EO,50.518,15.03
87.0,EO,74.287,15.115
87.0,EO,4.401,18.975
87.0,EO,3.681,18.995
87.1,EO,50.664,15.023
87.1,EO,74.294,15.137
87.1,EO,4.405,18.917
87.1,EO,3.638,18.938
87.2,EO,50.628,15.108
87.2,EO,74.251,15.017
87.2,EO,4.38,18.942
87.2,EO,3.617,18.906
87.3,EO,50.556,14.959
87.3,EO,74.363,15.067
87.3,EO,4.35,18.871
87.3,EO,3.789,18.954
87.4,EO,50.535,15.032
87.4,EO,74.321,15.117
87.4,EO,4.403,18.905
87.4,EO,3.642,18.858
87.5,EO,50.576,15.005
87.5,EO,74.398,15.06
87.5,EO,4.35,18.917
87.5,EO,3.59,18.883
87.6,EO,50.626,14.983
87.6,EO,74.38,15.009
87.6,EO,4.274,18.849
87.6,EO,3.641,18.921
87.7,EO,50.569,14.933
87.7,EO,74.373,15.027
87.7,EO,4.38,18.787
87.7,EO,3.623,18.887
87.8,EO,50.591,14.98
87.8,EO,74.48,14.951
87.8,EO,4.336,18.805
87.8,EO,3.64,18.849
87.8,EO,28.811,33.437
87.9,EO,50.654,14.953
87.9,EO,74.423,15.02
87.9,EO,4.367,18.834
87.9,EO,3.475,18.891
88.0,EO,50.543,14.902
88.0,EO,74.39,14.948
88.0,EO,4.444,18.812
88.0,EO,3.598,18.792
88.1,EO,50.577,14.949
88.1,EO,74.444,14.91
88.1,EO,4.267,18.755
88.1,EO,3.598,18.779
88.2,EO,50.538,14.881
88.2,EO,74.534,14.944
88.2,EO,4.379,18.722
88.2,EO,3.666,18.817
88.3,EO,50.567,14.987
88.3,EO,74.535,14.93
88.3,EO,4.403,18.658
88.3,EO,3.493,18.719
88.4,EO,50.743,14.955
88.4,EO,74.51,14.973
88.4,EO,4.337,18.706
88.4,EO,3.543,18.717
88.5,EO,50.557,14.852
88.5,EO,74.492,15.002
88.5,EO,4.334,18.655
88.5,EO,3.55,18.785
88.5,EO,114.243,2.725
88.6,EO,50.639,14.807
88.6,EO,74.602,14.865
88.6,EO,4.34,18.632
88.6,EO,3.573,18.571
88.7,EO,50.542,14.868
88.7,EO,74.491,14.881
88.7,EO,4.32,18.599
88.7,EO,3.576,18.593
88.8,EO,50.624,14.807
88.8,EO,74.487,14.837
88.8,EO,4.388,18.623
88.8,EO,3.651,18.616
88.9,EO,50.544,14.798
88.9,EO,74.509,15.003
88.9,EO,4.333,18.572
88.9,EO,3.558,18.582
89.0,EO,50.537,14.781
89.0,EO,74.544,14.881
89.0,EO,4.371,18.497
89.0,EO,3.553,18.638
89.1,EO,50.588,14.731
89.1,EO,74.547,14.855
89.1,EO,4.286,18.462
89.1,EO,3.609,18.607
89.2,EO,50.605,14.727
89.2,EO,74.693,14.844
89.2,EO,4.265,18.475
89.2,EO,3.541,18.668
89.2,EO,109.385,5.064
89.3,EO,50.568,14.663
89.3,EO,74.689,14.859
89.3,EO,3.645,18.532
89.4,EO,50.578,14.67
89.4,EO,74.53,14.866
89.4,EO,4.389,18.462
89.4,EO,3.523,18.436
89.5,EO,50.546,14.715
89.5,EO,74.624,14.805
89.5,EO,4.197,18.45
89.5,EO,3.526,18.479
89.6,EO,50.661,14.662
89.6,EO,74.645,14.8
89.6,EO,4.267,18.46
89.6,EO,3.547,18.499
89.7,EO,74.715,14.766
89.7,EO,4.355,18.416
89.7,EO,3.496,18.457
89.8,EO,50.635,14.698
89.8,EO,74.651,14.684
89.8,EO,4.351,18.418
89.8,EO,3.493,18.415
89.9,EO,50.584,14.704
89.9,EO,74.662,14.679
89.9,EO,4.425,18.477
89.9,EO,3.481,18.419
