timestamp,sensor,range,azimuth,elevation,radial_velocity
0.0,RADAR,5757.753,92.39,33.685,-19.493
0.0,RADAR,8563.295,89.194,20.408,-102.15
0.0,RADAR,7207.799,40.903,24.956,-174.473
0.0,RADAR,12586.836,113.7,34.114,-58.19
0.0,RADAR,14589.772,160.762,35.027,-122.145
0.0,RADAR,7534.094,7.885,6.943,73.22
0.0,RADAR,11426.67,174.152,14.662,-51.816
0.0,RADAR,7573.781,34.105,5.846,-9.718
0.0,RADAR,4176.731,120.567,19.672,133.071
0.0,RADAR,10803.711,56.226,37.452,121.906
0.0,RADAR,6424.697,51.899,30.712,-144.099
0.0,RADAR,3798.715,1.325,35.412,65.94
0.0,RADAR,10872.315,140.531,20.651,27.496
0.0,RADAR,2957.158,20.615,30.078,-11.562
0.0,RADAR,8913.305,137.7,28.562,21.432
0.0,RADAR,8828.9,54.711,1.387,-25.313
0.0,RADAR,4004.185,73.535,38.403,-106.424
0.0,RADAR,1816.238,50.649,13.212,64.767
0.0,RADAR,8798.45,141.102,29.894,-37.445
0.0,RADAR,12396.285,30.055,1.022,-163.981
1.0,RADAR,5880.784,87.585,30.896,6.539
1.0,RADAR,8513.343,89.122,19.425,-93.08
1.0,RADAR,2652.083,173.142,40.886,79.883
1.0,RADAR,4722.179,174.452,35.044,86.756
1.0,RADAR,7291.061,49.003,4.338,161.041
1.0,RADAR,7380.868,36.425,13.768,31.688
1.0,RADAR,3474.819,154.191,34.133,87.785
1.0,RADAR,7049.303,112.916,26.284,59.939
1.0,RADAR,2182.22,74.845,1.873,-2.404
1.0,RADAR,5618.057,26.014,4.653,35.058
1.0,RADAR,3388.302,166.522,26.148,-61.252
1.0,RADAR,9272.817,4.105,43.135,-7.079
1.0,RADAR,11958.293,14.891,21.9,-3.717
1.0,RADAR,14129.57,102.911,21.307,-93.21
1.0,RADAR,5641.966,93.721,19.751,-191.355
1.0,RADAR,12568.087,161.309,6.311,21.614
2.0,RADAR,8364.214,93.977,21.324,-81.074
2.0,RADAR,1523.776,99.873,16.692,131.916
2.0,RADAR,12315.521,57.085,42.88,-83.633
2.0,RADAR,8210.8,46.074,42.122,-134.157
2.0,RADAR,1628.749,78.317,44.657,156.671
2.0,RADAR,11480.512,160.343,40.205,7.543
2.0,RADAR,5423.007,138.962,29.775,-50.537
2.0,RADAR,2322.533,134.422,11.811,174.725
2.0,RADAR,4373.588,22.096,37.4,-138.686
2.0,RADAR,3509.756,107.889,39.355,-121.426
2.0,RADAR,5344.531,139.933,43.732,0.296
2.0,RADAR,3014.565,2.509,10.335,-147.271
2.0,RADAR,10487.221,21.93,22.785,77.705
2.0,RADAR,9135.633,35.96,36.186,86.163
2.0,RADAR,11345.776,23.59,5.569,171.025
2.0,RADAR,6566.095,54.171,21.986,65.146
2.0,RADAR,14378.726,51.56,41.616,-190.056
2.0,RADAR,8772.773,114.116,4.765,-143.864
2.0,RADAR,6867.6,173.922,26.822,173.209
2.0,RADAR,12261.053,84.129,35.314,-192.865
2.0,RADAR,2528.016,149.297,35.857,-106.944
2.0,RADAR,8430.774,109.083,39.048,41.243
2.0,RADAR,6776.002,67.353,19.165,60.772
2.0,RADAR,13144.869,81.701,11.153,-105.335
3.0,RADAR,5995.669,95.42,27.303,1.473
3.0,RADAR,3014.207,165.775,7.449,-86.112
3.0,RADAR,3150.588,20.788,0.952,-177.842
3.0,RADAR,3444.981,9.609,26.601,72.286
3.0,RADAR,6510.826,57.238,22.704,150.002
3.0,RADAR,12915.843,7.826,8.167,-105.302
3.0,RADAR,4491.426,102.822,18.732,-180.298
3.0,RADAR,6230.598,94.276,4.575,133.383
3.0,RADAR,1727.466,166.472,4.46,137.43
3.0,RADAR,13637.144,176.323,36.091,111.791
3.0,RADAR,9994.766,140.219,6.055,14.427
3.0,RADAR,8199.12,154.363,20.826,-45.964
3.0,RADAR,9953.886,47.963,6.29,-8.849
3.0,RADAR,6836.451,41.863,16.538,-53.443
3.0,RADAR,5584.938,68.304,30.858,-81.249
3.0,RADAR,14284.011,164.943,21.641,-68.656
3.0,RADAR,8496.087,152.741,29.366,121.757
3.0,RADAR,8458.112,113.925,12.967,93.957
3.0,RADAR,3833.664,125.064,38.732,-147.159
3.0,RADAR,9601.316,17.117,32.657,-166.203
3.0,RADAR,14103.158,24.733,43.15,120.354
4.0,RADAR,5905.727,83.468,27.742,7.189
4.0,RADAR,8135.893,88.065,24.882,-81.912
4.0,RADAR,11694.927,143.864,22.147,39.837
4.0,RADAR,14037.307,21.552,5.27,-164.916
4.0,RADAR,10210.086,75.349,34.844,68.493
4.0,RADAR,5670.929,161.706,34.314,-91.786
4.0,RADAR,6098.688,56.599,7.093,-140.887
4.0,RADAR,14105.784,78.823,17.249,91.874
4.0,RADAR,8741.903,168.505,35.114,-8.252
4.0,RADAR,6269.033,177.594,32.299,180.478
4.0,RADAR,2658.7,153.096,28.668,-151.231
4.0,RADAR,9235.612,123.497,0.554,-18.273
4.0,RADAR,12555.593,53.165,20.635,-23.074
4.0,RADAR,5226.983,165.32,35.158,-155.765
4.0,RADAR,14958.485,158.256,12.776,134.759
4.0,RADAR,2489.873,179.839,29.956,60.05
4.0,RADAR,2266.17,161.466,1.305,-103.669
4.0,RADAR,3002.306,139.818,8.919,164.255
5.0,RADAR,5841.168,84.075,33.226,-11.37
5.0,RADAR,7983.767,79.327,19.625,-78.982
5.0,RADAR,10773.691,150.836,1.807,-119.287
5.0,RADAR,2748.932,90.816,33.533,52.005
5.0,RADAR,12915.835,27.938,33.058,-122.783
5.0,RADAR,4790.623,127.783,44.109,44.617
5.0,RADAR,1763.004,110.936,1.906,153.658
5.0,RADAR,10934.096,31.163,4.127,-126.587
5.0,RADAR,14720.381,82.541,35.284,54.563
5.0,RADAR,9013.784,26.123,42.571,-79.463
5.0,RADAR,9092.241,125.96,29.215,176.238
5.0,RADAR,3078.146,91.503,18.182,-10.333
5.0,RADAR,2669.045,24.137,12.513,-78.118
5.0,RADAR,6990.645,109.978,28.558,-35.276
5.0,RADAR,6722.964,39.173,26.474,-73.184
5.0,RADAR,1504.838,75.312,21.336,-109.763
5.0,RADAR,9014.411,101.839,31.59,59.179
5.0,RADAR,10134.063,56.919,35.434,19.658
5.0,RADAR,7039.855,112.682,16.23,5.096
5.0,RADAR,11313.88,159.553,41.448,1.453
5.0,RADAR,8283.852,143.977,14.15,134.953
5.0,RADAR,7917.983,20.854,3.243,136.797
5.0,RADAR,1777.951,50.51,15.036,-130.802
5.0,RADAR,5394.507,133.685,0.661,130.869
5.0,RADAR,12991.672,67.007,6.913,40.336
6.0,RADAR,10627.311,126.973,17.453,56.355
6.0,RADAR,1150.187,37.63,23.629,-134.499
6.0,RADAR,3322.696,150.535,44.511,22.388
6.0,RADAR,12746.976,178.258,6.372,-20.702
6.0,RADAR,6496.018,14.409,33.99,-26.488
6.0,RADAR,7570.577,27.121,8.142,162.841
6.0,RADAR,1625.087,41.913,13.143,-3.921
6.0,RADAR,9210.232,88.792,3.785,-102.533
6.0,RADAR,12810.237,114.766,29.212,68.081
6.0,RADAR,11680.642,10.46,16.497,15.811
6.0,RADAR,5738.391,152.006,21.716,107.451
6.0,RADAR,12928.217,90.862,40.93,34.85
6.0,RADAR,12903.84,61.306,22.447,12.564
6.0,RADAR,2469.716,71.739,41.28,52.333
6.0,RADAR,3485.092,60.994,8.622,-190.071
6.0,RADAR,13984.446,80.677,13.839,39.391
6.0,RADAR,1102.402,50.044,31.637,53.508
6.0,RADAR,14745.283,111.664,21.488,104.573
6.0,RADAR,13646.59,129.725,43.345,112.802
7.0,RADAR,5940.09,88.161,27.088,3.561
7.0,RADAR,8061.44,80.997,22.898,-65.068
7.0,RADAR,2734.177,7.37,34.98,-4.12
7.0,RADAR,14797.562,83.695,44.006,-35.37
7.0,RADAR,12111.55,15.267,24.996,120.824
7.0,RADAR,13945.823,148.065,1.664,-50.919
7.0,RADAR,1681.779,19.671,30.389,85.303
7.0,RADAR,11832.09,155.782,33.274,120.349
7.0,RADAR,1685.492,42.216,27.985,143.25
7.0,RADAR,1063.002,92.633,30.478,-188.157
7.0,RADAR,6618.978,161.214,30.223,-104.937
7.0,RADAR,12938.936,62.646,38.401,-80.423
7.0,RADAR,9264.484,71.449,12.367,154.623
7.0,RADAR,3626.312,15.266,15.387,87.056
7.0,RADAR,12304.042,179.774,13.336,-36.823
7.0,RADAR,2915.498,103.477,44.891,80.352
7.0,RADAR,9332.98,70.626,41.188,-1.233
7.0,RADAR,2881.137,65.768,3.023,-119.208
7.0,RADAR,1247.363,81.59,28.554,-62.683
7.0,RADAR,6885.345,172.658,33.838,16.343
7.0,RADAR,4983.572,161.459,10.579,-69.863
8.0,RADAR,5853.894,73.354,32.899,16.333
8.0,RADAR,3176.182,157.377,12.746,24.596
8.0,RADAR,12087.642,141.088,19.727,-9.497
8.0,RADAR,14925.824,121.428,36.659,161.022
8.0,RADAR,12026.258,33.332,25.298,-159.242
8.0,RADAR,10140.91,171.963,23.073,-26.811
8.0,RADAR,1501.799,172.759,4.635,-183.568
8.0,RADAR,4444.933,11.795,20.48,6.435
8.0,RADAR,5375.979,9.173,5.022,-46.198
8.0,RADAR,1847.398,125.674,9.316,-79.171
8.0,RADAR,6517.761,74.99,0.075,-155.172
8.0,RADAR,13078.704,0.222,22.868,-4.199
8.0,RADAR,5663.318,77.639,35.126,136.481
8.0,RADAR,4644.88,58.048,10.912,-8.055
9.0,RADAR,6027.047,80.783,32.763,3.869
9.0,RADAR,1663.236,24.877,41.347,-196.296
9.0,RADAR,3636.508,5.631,4.978,48.06
9.0,RADAR,4382.945,102.458,26.559,139.774
9.0,RADAR,1066.38,153.607,27.86,-134.903
9.0,RADAR,11821.123,153.988,11.442,167.517
9.0,RADAR,7362.404,108.616,44.309,-55.386
9.0,RADAR,12384.231,57.312,35.965,40.294
9.0,RADAR,4028.98,74.525,14.294,-168.757
9.0,RADAR,1417.687,62.366,0.857,-133.805
9.0,RADAR,11152.566,127.456,33.236,-73.139
9.0,RADAR,13460.272,106.889,5.671,-142.513
9.0,RADAR,10703.336,31.13,22.828,196.71
9.0,RADAR,1056.106,2.984,44.689,33.856
9.0,RADAR,2776.74,161.514,39.617,14.48
9.0,RADAR,9705.088,49.174,2.273,37.827
9.0,RADAR,5126.573,119.452,37.631,-192.736
9.0,RADAR,9339.993,41.63,39.325,-98.534
9.0,RADAR,9550.782,99.637,17.827,71.048
9.0,RADAR,11160.775,102.049,34.129,193.367
10.0,RADAR,5190.563,43.426,35.919,52.708
10.0,RADAR,10556.142,26.887,43.27,-128.623
10.0,RADAR,3793.588,154.617,41.066,-115.141
10.0,RADAR,7577.212,132.029,39.526,-48.379
10.0,RADAR,8238.273,133.509,32.901,113.184
10.0,RADAR,8979.073,18.831,40.679,146.229
10.0,RADAR,12173.364,17.975,9.198,97.44
10.0,RADAR,1323.961,176.26,16.972,87.725
10.0,RADAR,13425.995,71.033,14.361,43.496
10.0,RADAR,9133.851,73.645,27.08,174.153
10.0,RADAR,7546.964,35.414,16.974,-42.357
10.0,RADAR,2835.522,29.317,30.805,-64.209
10.0,RADAR,14368.577,43.847,4.452,101.402
10.0,RADAR,13334.505,50.06,9.094,-125.694
10.0,RADAR,8308.172,84.315,11.675,-181.931
10.0,RADAR,7740.879,172.68,29.363,-1.797
10.0,RADAR,2549.689,45.439,13.265,105.921
10.0,RADAR,13273.951,162.296,44.306,192.947
10.0,RADAR,14341.988,12.928,6.201,-78.213
10.0,RADAR,8740.576,17.456,38.061,46.702
10.0,RADAR,8593.102,29.756,11.396,-135.875
10.0,RADAR,12927.064,105.161,33.081,-81.587
10.0,RADAR,6197.537,72.874,34.201,108.941
11.0,RADAR,5429.936,45.422,30.88,59.708
11.0,RADAR,7553.043,82.274,24.806,-82.479
11.0,RADAR,8431.906,44.713,11.016,-135.498
11.0,RADAR,14160.266,159.838,34.981,7.065
11.0,RADAR,7868.511,95.354,24.146,-26.175
11.0,RADAR,2844.568,22.619,42.851,-7.188
11.0,RADAR,14344.877,29.444,24.949,-116.913
11.0,RADAR,4544.584,5.41,5.353,166.739
11.0,RADAR,5501.462,109.463,20.926,-39.82
11.0,RADAR,8446.405,33.703,44.487,127.323
11.0,RADAR,11382.605,84.377,6.879,168.266
11.0,RADAR,5779.419,9.019,15.408,117.783
11.0,RADAR,9717.922,135.151,35.714,-115.218
11.0,RADAR,13932.966,78.838,28.756,-199.076
11.0,RADAR,14907.159,50.561,2.793,-16.695
11.0,RADAR,2806.421,27.419,28.453,-42.829
11.0,RADAR,13905.934,57.448,32.678,-15.56
11.0,RADAR,10239.318,107.945,21.275,180.024
11.0,RADAR,5797.991,31.902,30.514,138.403
11.0,RADAR,1563.552,80.934,40.162,99.847
11.0,RADAR,14885.308,95.654,29.7,-79.008
11.0,RADAR,14265.498,65.94,33.233,-38.744
11.0,RADAR,8865.465,129.561,22.902,162.835
12.0,RADAR,5266.391,45.763,36.167,60.259
12.0,RADAR,10280.736,3.558,14.695,-120.876
12.0,RADAR,11894.12,154.913,11.101,67.14
12.0,RADAR,2811.079,49.527,6.239,-86.592
12.0,RADAR,10446.312,163.859,9.114,16.832
12.0,RADAR,10819.475,171.526,27.453,-97.957
12.0,RADAR,9756.694,57.688,43.926,-40.13
12.0,RADAR,10595.988,4.181,18.003,150.043
12.0,RADAR,9543.184,79.91,42.117,141.594
12.0,RADAR,5511.019,98.019,22.042,52.881
12.0,RADAR,5677.558,43.957,41.07,169.55
12.0,RADAR,12806.52,176.077,33.525,105.867
12.0,RADAR,11676.261,86.509,20.54,-103.909
12.0,RADAR,10027.469,52.078,11.601,34.385
12.0,RADAR,6739.753,39.394,36.723,144.228
12.0,RADAR,3347.793,1.351,15.126,119.004
12.0,RADAR,12748.434,24.899,34.845,-153.718
12.0,RADAR,6460.876,179.75,8.667,-138.415
12.0,RADAR,6919.205,111.54,41.981,192.328
13.0,RADAR,7469.429,79.491,22.406,-86.394
13.0,RADAR,6928.936,99.393,22.534,74.465
13.0,RADAR,10137.614,178.568,44.974,6.584
13.0,RADAR,2332.787,131.012,43.95,-72.669
13.0,RADAR,7456.924,76.46,2.314,68.906
13.0,RADAR,5946.728,141.743,37.445,128.492
13.0,RADAR,6833.324,57.878,33.697,120.556
13.0,RADAR,7877.604,160.746,6.476,151.628
13.0,RADAR,2345.333,27.635,24.023,-172.993
13.0,RADAR,1739.299,0.093,19.634,109.85
13.0,RADAR,1487.737,117.406,37.041,-132.8
13.0,RADAR,3056.092,154.944,37.041,15.577
13.0,RADAR,12468.798,16.696,17.752,95.119
13.0,RADAR,4604.327,135.419,22.688,100.106
13.0,RADAR,7505.515,66.223,9.864,-116.648
13.0,RADAR,11520.871,21.404,3.869,-129.483
13.0,RADAR,3454.851,148.159,17.933,196.155
13.0,RADAR,2920.958,117.637,20.193,-42.833
13.0,RADAR,13251.179,175.607,39.279,-123.08
13.0,RADAR,4091.171,118.093,13.009,93.89
13.0,RADAR,8929.889,99.164,37.285,84.213
14.0,RADAR,7240.411,77.813,20.881,-71.253
14.0,RADAR,6395.173,48.725,23.486,-74.1
14.0,RADAR,8897.332,121.797,2.974,-199.573
14.0,RADAR,3971.88,161.012,29.083,-131.216
14.0,RADAR,13463.695,84.592,21.424,174.217
14.0,RADAR,1832.814,38.732,26.36,-121.805
14.0,RADAR,10513.378,38.537,4.462,-117.206
14.0,RADAR,6918.276,31.705,6.061,144.113
14.0,RADAR,5485.561,64.937,2.487,-57.052
14.0,RADAR,4707.3,109.887,9.243,155.346
14.0,RADAR,14015.333,17.97,4.833,-153.869
14.0,RADAR,9673.97,21.954,38.357,101.709
14.0,RADAR,12477.324,94.691,44.85,-182.33
14.0,RADAR,6617.709,58.309,42.689,30.744
14.0,RADAR,12286.674,30.661,44.039,-0.544
14.0,RADAR,7911.409,174.759,17.133,-40.99
14.0,RADAR,9186.538,23.049,14.449,-122.717
14.0,RADAR,2445.969,155.906,26.52,-56.531
14.0,RADAR,6721.371,77.673,28.492,170.708
14.0,RADAR,14058.915,70.469,14.817,-19.581
14.0,RADAR,8951.079,83.127,29.644,21.76
15.0,RADAR,11123.593,70.037,9.654,25.069
15.0,RADAR,11577.554,46.336,37.206,171.002
15.0,RADAR,9363.523,120.411,2.366,178.208
15.0,RADAR,6494.786,166.302,26.054,-198.152
15.0,RADAR,1539.588,122.475,25.32,-189.387
15.0,RADAR,11408.439,153.386,22.339,-13.697
15.0,RADAR,1076.624,141.597,14.882,151.505
15.0,RADAR,6222.848,101.714,12.165,-135.765
15.0,RADAR,11848.711,89.386,24.142,186.166
15.0,RADAR,14490.119,154.016,8.442,37.709
16.0,RADAR,5889.999,74.238,31.906,23.966
16.0,RADAR,5495.105,54.051,24.188,61.235
16.0,RADAR,13240.68,4.315,23.421,-14.53
16.0,RADAR,10661.775,29.411,30.075,-49.306
16.0,RADAR,9662.007,7.217,20.778,8.9
16.0,RADAR,4000.57,25.132,8.481,-62.344
16.0,RADAR,2355.342,170.518,18.225,123.588
16.0,RADAR,14641.84,14.532,29.325,148.564
16.0,RADAR,9879.282,77.225,19.398,-185.64
16.0,RADAR,8484.411,178.838,43.142,-183.84
16.0,RADAR,10881.158,54.318,40.635,-181.954
16.0,RADAR,14102.237,150.746,5.288,-176.07
16.0,RADAR,12685.907,28.036,24.07,166.298
16.0,RADAR,8944.274,71.502,20.026,-174.753
16.0,RADAR,14562.532,55.918,8.521,-85.581
17.0,RADAR,6190.284,75.099,32.377,12.857
17.0,RADAR,5672.433,46.306,32.026,69.382
17.0,RADAR,7205.462,75.912,29.014,-51.767
17.0,RADAR,6408.78,65.088,17.618,-164.099
17.0,RADAR,2084.105,140.377,20.073,172.274
17.0,RADAR,9571.094,6.332,7.089,-117.672
17.0,RADAR,14660.304,39.367,23.209,174.471
17.0,RADAR,14680.698,42.545,2.21,-138.559
17.0,RADAR,1886.599,35.122,25.586,164.98
17.0,RADAR,8521.064,112.678,9.084,120.233
17.0,RADAR,9649.045,155.545,42.698,-60.84
17.0,RADAR,2268.107,40.667,19.703,178.277
17.0,RADAR,6296.338,138.739,24.321,-126.876
17.0,RADAR,5490.278,117.575,30.278,-26.096
17.0,RADAR,4201.038,129.943,7.599,174.668
17.0,RADAR,3630.65,19.316,22.394,7.82
17.0,RADAR,8114.701,78.6,44.767,-5.488
17.0,RADAR,7691.252,75.918,3.007,37.183
17.0,RADAR,4191.549,114.77,2.288,192.555
18.0,RADAR,5658.822,50.891,33.21,65.676
18.0,RADAR,7245.745,73.607,31.725,-60.876
18.0,RADAR,10405.959,172.906,16.691,-29.967
18.0,RADAR,12369.721,91.037,33.146,-16.116
18.0,RADAR,4016.932,134.137,5.902,-120.567
18.0,RADAR,9775.55,134.509,40.261,-90.965
18.0,RADAR,2550.14,172.088,6.949,-120.933
18.0,RADAR,5078.612,95.29,39.727,104.218
18.0,RADAR,10914.206,31.533,16.096,-8.638
18.0,RADAR,3063.963,49.217,13.875,-149.09
18.0,RADAR,8703.356,126.905,3.147,-7.551
18.0,RADAR,11950.957,134.638,36.678,-20.704
18.0,RADAR,12487.799,43.336,16.236,-129.458
18.0,RADAR,7544.784,70.571,10.842,100.712
18.0,RADAR,5393.855,49.105,5.89,-24.471
18.0,RADAR,5241.505,66.469,10.62,105.262
19.0,RADAR,6247.971,68.388,23.382,18.316
19.0,RADAR,5754.759,52.023,29.994,78.473
19.0,RADAR,8954.343,99.389,37.648,-156.537
19.0,RADAR,4152.487,142.741,38.153,197.93
19.0,RADAR,13220.768,160.182,14.146,-39.335
19.0,RADAR,4753.191,109.134,42.246,-62.144
19.0,RADAR,8798.025,53.334,7.641,-121.926
19.0,RADAR,1811.235,170.873,18.13,133.648
19.0,RADAR,10538.613,34.546,7.896,124.795
19.0,RADAR,4705.964,164.391,6.302,71.083
19.0,RADAR,12402.634,42.346,12.429,185.808
19.0,RADAR,4704.366,77.392,19.463,-98.786
19.0,RADAR,11861.075,138.933,17.024,134.05
19.0,RADAR,3983.049,0.775,25.703,197.631
19.0,RADAR,1541.02,37.44,23.351,123.976
19.0,RADAR,2246.588,71.142,33.618,-51.383
19.0,RADAR,3643.71,35.189,18.452,-8.233
19.0,RADAR,13065.402,115.605,31.068,193.195
20.0,RADAR,7135.65,68.501,25.114,-45.792
20.0,RADAR,3595.254,83.489,13.024,118.424
20.0,RADAR,13706.468,144.49,11.971,-90.346
20.0,RADAR,4566.197,24.307,42.471,-39.181
20.0,RADAR,4145.653,152.401,17.964,-185.953
20.0,RADAR,3267.182,115.065,35.231,-115.626
20.0,RADAR,13843.538,153.179,38.177,-108.936
20.0,RADAR,1707.504,156.136,13.761,47.567
20.0,RADAR,11639.536,23.093,35.138,175.405
20.0,RADAR,11197.25,79.42,39.451,10.983
20.0,RADAR,11426.793,147.691,33.721,-84.858
20.0,RADAR,2649.815,42.901,22.629,2.111
20.0,RADAR,9157.021,71.118,35.41,165.262
20.0,RADAR,4454.151,132.574,30.509,9.236
20.0,RADAR,3639.423,143.142,43.228,88.735
20.0,RADAR,13850.04,177.153,15.842,55.289
20.0,RADAR,7635.058,177.593,4.221,-35.05
21.0,RADAR,6230.476,65.262,28.581,17.918
21.0,RADAR,5946.697,53.281,25.613,79.386
21.0,RADAR,6895.434,69.704,20.996,-64.953
21.0,RADAR,1772.939,62.69,38.93,-187.643
21.0,RADAR,6550.107,170.127,2.29,99.882
21.0,RADAR,4606.577,155.99,33.573,154.282
21.0,RADAR,4022.947,95.633,35.067,-101.72
21.0,RADAR,4230.448,4.893,43.133,84.007
21.0,RADAR,9897.845,133.919,23.923,-9.546
21.0,RADAR,7293.451,115.279,9.069,155.223
21.0,RADAR,12364.533,62.921,26.037,-143.589
21.0,RADAR,14612.847,162.521,41.485,-67.135
21.0,RADAR,3367.886,38.119,4.05,-151.956
21.0,RADAR,1998.263,178.168,3.333,-146.983
21.0,RADAR,12581.564,104.443,34.849,52.365
21.0,RADAR,13350.451,114.924,23.496,85.1
21.0,RADAR,7263.499,62.291,21.044,-132.114
21.0,RADAR,12152.004,46.927,6.909,-101.459
21.0,RADAR,12788.982,59.436,30.872,142.564
21.0,RADAR,2088.425,137.704,13.845,-113.351
22.0,RADAR,6193.012,64.422,26.976,46.307
22.0,RADAR,6117.424,61.422,26.971,71.065
22.0,RADAR,6837.842,67.476,22.54,-62.739
22.0,RADAR,4113.151,79.373,33.431,-105.175
22.0,RADAR,12616.499,98.244,34.219,-10.978
22.0,RADAR,7988.719,111.549,41.759,-3.275
22.0,RADAR,8401.206,108.359,33.188,-171.26
22.0,RADAR,8219.624,86.686,41.476,-2.597
22.0,RADAR,7556.487,173.196,20.276,-127.646
22.0,RADAR,4036.826,17.134,0.026,-27.222
22.0,RADAR,11769.396,132.024,1.447,27.993
22.0,RADAR,3159.964,169.394,7.531,50.656
22.0,RADAR,5567.337,115.481,18.552,103.857
22.0,RADAR,4229.508,163.043,22.509,102.437
22.0,RADAR,12896.223,179.789,10.078,-85.243
22.0,RADAR,4506.063,47.317,26.21,197.409
22.0,RADAR,14863.893,94.819,28.756,143.988
22.0,RADAR,14061.068,36.695,23.784,133.135
23.0,RADAR,6779.005,67.484,28.16,-49.111
23.0,RADAR,8850.883,90.991,28.65,-36.671
23.0,RADAR,11488.438,60.039,14.88,-149.11
23.0,RADAR,3641.971,153.094,20.083,-108.853
23.0,RADAR,11630.775,99.717,0.952,-73.455
23.0,RADAR,3478.02,118.057,12.376,-174.021
23.0,RADAR,1769.09,104.711,0.978,139.517
23.0,RADAR,3175.56,109.182,20.011,-22.859
23.0,RADAR,2005.16,144.495,40.187,-195.593
23.0,RADAR,3500.458,162.703,24.727,-139.984
23.0,RADAR,3839.066,118.798,32.617,39.771
23.0,RADAR,14344.077,88.931,13.512,-9.107
23.0,RADAR,6035.328,40.395,2.068,-59.115
23.0,RADAR,10959.731,3.319,19.763,57.604
23.0,RADAR,9545.658,139.797,36.473,84.682
24.0,RADAR,6628.218,66.14,24.373,-62.604
24.0,RADAR,12541.818,166.624,9.061,171.829
24.0,RADAR,1250.053,166.493,42.837,-195.179
24.0,RADAR,11682.27,174.636,40.766,188.284
24.0,RADAR,8704.529,14.068,38.241,45.531
24.0,RADAR,9606.314,75.106,25.733,-138.568
24.0,RADAR,11356.78,13.503,32.84,139.591
24.0,RADAR,7614.561,91.769,14.05,187.783
24.0,RADAR,11263.743,66.418,7.866,-112.168
24.0,RADAR,7494.912,169.662,33.037,-113.903
24.0,RADAR,13033.856,68.076,38.327,-103.32
24.0,RADAR,9661.249,166.801,11.605,77.171
24.0,RADAR,14822.377,27.108,3.978,69.678
24.0,RADAR,5756.303,12.824,21.389,101.508
24.0,RADAR,4991.714,60.308,38.056,8.029
24.0,RADAR,12798.248,80.35,42.884,60.318
25.0,RADAR,6144.147,55.653,28.205,65.424
25.0,RADAR,7175.084,74.584,23.484,-88.145
25.0,RADAR,1448.61,110.589,16.817,60.534
25.0,RADAR,2521.338,2.48,11.173,-17.381
25.0,RADAR,6517.008,145.854,17.003,12.176
25.0,RADAR,9309.218,3.93,23.181,-62.067
25.0,RADAR,6897.922,18.052,35.227,176.962
25.0,RADAR,1311.763,108.247,34.373,-86.077
25.0,RADAR,12025.778,113.824,41.812,192.402
25.0,RADAR,1592.846,80.089,24.614,-141.303
25.0,RADAR,5708.002,177.777,0.73,-18.997
25.0,RADAR,12797.165,58.302,21.591,191.218
25.0,RADAR,7648.276,23.566,2.327,178.167
25.0,RADAR,4721.332,90.732,4.082,-30.538
26.0,RADAR,6395.938,60.297,28.316,40.04
26.0,RADAR,6150.785,58.74,20.737,75.57
26.0,RADAR,6816.481,62.947,28.471,-45.719
26.0,RADAR,10520.489,32.638,30.367,-94.61
26.0,RADAR,5973.05,62.795,32.254,-13.396
26.0,RADAR,6058.185,153.472,25.738,-114.468
26.0,RADAR,13601.278,61.677,1.754,-2.16
26.0,RADAR,2735.133,42.924,33.62,-147.699
26.0,RADAR,12297.219,168.643,27.294,84.144
26.0,RADAR,10990.213,178.705,15.369,-134.857
26.0,RADAR,8268.341,95.985,8.006,45.244
26.0,RADAR,1197.746,166.98,11.906,-184.176
26.0,RADAR,2515.492,43.245,12.326,-186.876
26.0,RADAR,4910.967,34.73,17.038,-45.933
26.0,RADAR,5746.108,59.026,4.038,-189.918
26.0,RADAR,3829.6,136.197,44.586,171.41
26.0,RADAR,8059.071,95.728,14.156,109.576
26.0,RADAR,11706.594,151.969,40.298,-26.26
27.0,RADAR,6498.925,64.385,25.316,23.95
27.0,RADAR,6362.941,52.462,26.037,81.956
27.0,RADAR,6630.477,67.344,23.524,-46.982
27.0,RADAR,1594.411,80.679,11.935,-42.906
27.0,RADAR,6951.437,158.294,12.165,157.497
27.0,RADAR,6963.594,59.005,22.613,-32.903
27.0,RADAR,4603.212,90.482,6.831,-59.228
27.0,RADAR,8921.063,74.413,37.076,-97.311
27.0,RADAR,14576.802,141.25,43.542,135.255
27.0,RADAR,2989.455,94.763,7.649,127.291
27.0,RADAR,9178.27,47.421,41.832,-153.926
27.0,RADAR,8894.074,129.787,2.648,39.142
27.0,RADAR,12422.617,12.155,23.051,-96.577
27.0,RADAR,10280.942,21.362,42.167,157.891
27.0,RADAR,3603.642,58.188,26.444,87.225
27.0,RADAR,7197.184,28.132,4.687,199.906
28.0,RADAR,6467.67,59.965,31.562,103.06
28.0,RADAR,6574.766,59.988,24.278,-46.978
28.0,RADAR,13577.255,45.595,31.737,-173.138
28.0,RADAR,1542.519,117.671,15.256,62.184
28.0,RADAR,2316.297,170.973,33.683,150.507
28.0,RADAR,2910.588,57.629,16.575,14.869
28.0,RADAR,5156.159,10.914,16.6,-98.18
28.0,RADAR,6402.898,35.453,11.785,50.781
28.0,RADAR,6434.154,62.169,24.026,108.744
28.0,RADAR,6304.151,105.754,43.479,8.792
28.0,RADAR,13737.166,142.861,2.642,-28.36
28.0,RADAR,10776.458,177.608,20.627,-162.886
28.0,RADAR,8868.128,22.781,33.818,3.071
28.0,RADAR,11128.039,156.485,28.303,44.976
28.0,RADAR,11563.984,151.642,39.107,-185.428
28.0,RADAR,8786.664,38.928,38.716,59.359
28.0,RADAR,6883.115,33.859,15.256,81.511
29.0,RADAR,6591.836,57.805,26.069,-21.065
29.0,RADAR,5306.799,53.843,1.779,91.393
29.0,RADAR,1604.453,0.874,32.827,179.55
29.0,RADAR,11591.043,84.895,21.872,-25.545
29.0,RADAR,5545.011,93.909,19.402,39.267
29.0,RADAR,13573.681,179.102,3.543,-46.127
29.0,RADAR,3529.887,63.382,12.936,-130.185
29.0,RADAR,11697.065,89.332,41.366,-186.963
29.0,RADAR,1937.692,72.589,3.612,-94.908
29.0,RADAR,14804.416,37.613,8.915,29.456
29.0,RADAR,7971.976,104.479,16.953,130.705
29.0,RADAR,2940.128,77.111,31.039,147.295
29.0,RADAR,6174.002,102.194,3.111,-131.872
29.0,RADAR,1967.934,131.019,12.963,89.498
29.0,RADAR,1929.576,155.259,37.599,-164.429
29.0,RADAR,1332.591,10.132,38.413,-106.119
29.0,RADAR,8675.826,76.724,35.799,-4.441
29.0,RADAR,8009.252,178.037,6.756,132.282
29.0,RADAR,1724.496,85.977,39.885,66.086
29.0,RADAR,10593.005,47.397,18.836,-53.368
30.0,RADAR,6601.453,62.951,30.544,45.879
30.0,RADAR,2873.01,124.895,38.145,-104.986
30.0,RADAR,3108.408,1.551,2.126,104.901
30.0,RADAR,14820.609,8.078,33.663,-171.255
30.0,RADAR,9289.86,136.094,16.164,-195.626
30.0,RADAR,9332.651,178.424,11.593,-124.203
30.0,RADAR,2734.962,99.946,26.84,116.908
30.0,RADAR,11543.026,160.657,36.26,-101.093
30.0,RADAR,8782.284,53.534,14.84,172.778
30.0,RADAR,10546.543,175.426,18.761,14.975
30.0,RADAR,7819.616,19.312,10.652,11.055
30.0,RADAR,1943.24,167.663,5.573,-120.808
30.0,RADAR,11714.497,17.448,40.513,90.28
30.0,RADAR,1960.692,124.532,28.423,102.94
30.0,RADAR,12594.77,129.303,26.378,-71.015
30.0,RADAR,10761.831,172.255,26.438,65.738
30.0,RADAR,7119.793,136.102,44.895,-135.844
30.0,RADAR,3833.674,97.099,21.662,28.628
30.0,RADAR,1687.037,72.77,26.234,34.077
30.0,RADAR,10202.675,129.639,28.87,116.097
30.0,RADAR,9746.649,96.751,27.279,-159.523
30.0,RADAR,4824.192,94.932,39.284,71.621
31.0,RADAR,6508.55,55.365,30.112,90.45
31.0,RADAR,6487.557,59.665,20.277,-46.154
31.0,RADAR,1705.316,25.741,8.686,-50.647
31.0,RADAR,14218.011,90.928,10.568,-157.7
31.0,RADAR,5736.277,146.832,17.25,109.002
31.0,RADAR,12237.87,19.948,27.39,183.638
31.0,RADAR,6629.933,9.17,41.549,153.467
31.0,RADAR,8309.98,99.406,9.528,127.78
31.0,RADAR,7980.401,6.098,30.736,180.199
31.0,RADAR,12608.107,49.896,2.4,176.141
31.0,RADAR,14118.878,95.835,28.904,-14.96
31.0,RADAR,6876.715,21.501,4.354,-106.907
31.0,RADAR,12712.97,26.25,10.201,19.446
31.0,RADAR,4011.837,29.377,25.349,-52.763
31.0,RADAR,9766.23,164.197,6.795,165.373
31.0,RADAR,13634.86,149.236,28.408,48.059
31.0,RADAR,9948.977,124.289,0.742,183.237
31.0,RADAR,9198.453,140.664,16.978,-195.041
32.0,RADAR,6670.365,60.067,30.841,48.1
32.0,RADAR,6665.818,62.471,24.163,88.395
32.0,RADAR,1350.563,47.23,20.867,-187.602
32.0,RADAR,9647.372,122.096,33.603,6.63
32.0,RADAR,9455.225,71.292,1.856,-160.019
32.0,RADAR,10169.943,179.2,0.711,23.033
32.0,RADAR,11514.123,148.819,24.534,47.966
32.0,RADAR,10754.149,154.614,5.503,170.473
32.0,RADAR,1364.244,150.516,3.453,-122.149
32.0,RADAR,1054.518,80.146,15.046,-133.603
32.0,RADAR,7315.262,72.427,34.545,157.252
32.0,RADAR,10135.942,22.394,13.293,165.327
32.0,RADAR,2242.283,73.234,42.413,180.266
32.0,RADAR,6756.844,120.131,20.554,101.384
32.0,RADAR,1442.139,25.948,27.639,-106.979
33.0,RADAR,6576.164,56.393,25.197,28.415
33.0,RADAR,6769.339,54.346,28.64,92.424
33.0,RADAR,6517.698,55.201,31.468,-4.754
33.0,RADAR,6914.931,100.867,15.417,-84.579
33.0,RADAR,4378.401,14.837,22.345,155.105
33.0,RADAR,9822.128,93.776,19.287,-14.239
33.0,RADAR,3929.883,148.128,8.927,86.649
33.0,RADAR,11639.79,103.476,38.832,-83.58
33.0,RADAR,13342.641,131.294,35.944,65.832
33.0,RADAR,12848.802,178.758,18.907,125.566
33.0,RADAR,11424.117,81.517,41.713,-42.23
33.0,RADAR,8916.523,19.07,10.16,136.278
33.0,RADAR,6551.738,70.935,11.069,-3.356
33.0,RADAR,12281.437,161.13,3.155,29.928
33.0,RADAR,7541.827,110.571,20.127,-40.542
33.0,RADAR,7606.33,104.76,22.544,-11.142
33.0,RADAR,12449.694,134.217,15.362,120.231
33.0,RADAR,12951.109,27.629,26.221,-85.875
33.0,RADAR,11348.413,42.981,30.213,-97.95
33.0,RADAR,8156.013,170.756,17.159,150.295
33.0,RADAR,14817.224,157.473,7.464,127.863
33.0,RADAR,1450.092,70.794,39.183,75.501
33.0,RADAR,8458.366,69.816,36.553,83.823
33.0,RADAR,7557.674,160.647,10.348,-131.843
33.0,RADAR,9999.253,174.959,11.127,-100.132
33.0,RADAR,2952.984,154.901,10.188,1.271
34.0,RADAR,6781.772,53.075,25.747,54.881
34.0,RADAR,6508.399,160.723,0.122,-80.496
34.0,RADAR,8770.592,60.137,12.242,-15.985
34.0,RADAR,3541.324,95.333,31.801,30.118
34.0,RADAR,2303.531,151.994,7.874,105.925
34.0,RADAR,6047.912,140.897,9.282,-125.335
34.0,RADAR,7958.362,5.928,10.138,89.605
34.0,RADAR,12723.369,14.541,39.693,119.007
34.0,RADAR,13175.58,125.717,30.337,10.037
34.0,RADAR,10139.021,165.44,4.523,-73.694
34.0,RADAR,2014.37,170.065,20.037,70.138
34.0,RADAR,12775.681,178.38,7.28,119.805
34.0,RADAR,13423.921,8.798,33.934,-58.11
34.0,RADAR,10080.355,92.529,11.688,-145.911
34.0,RADAR,2637.261,18.598,28.701,-59.436
34.0,RADAR,4032.868,124.539,30.908,15.667
34.0,RADAR,14089.409,69.375,37.614,-169.944
34.0,RADAR,11357.635,177.921,38.097,31.866
34.0,RADAR,9774.725,63.592,30.577,108.158
34.0,RADAR,14975.199,88.643,2.759,38.343
34.0,RADAR,2666.338,44.058,14.795,92.412
35.0,RADAR,1559.251,5.093,25.14,-86.986
35.0,RADAR,9354.169,78.229,41.549,-84.876
35.0,RADAR,10508.035,9.73,43.014,192.303
35.0,RADAR,11347.045,83.738,9.9,125.007
35.0,RADAR,11308.957,39.952,20.305,-14.88
35.0,RADAR,12569.748,123.092,28.943,59.931
35.0,RADAR,4786.581,66.908,2.055,114.776
35.0,RADAR,7061.975,78.883,11.041,-116.229
35.0,RADAR,9229.507,41.86,2.889,107.003
35.0,RADAR,6270.572,68.442,19.409,126.018
35.0,RADAR,5491.717,136.447,42.28,64.347
35.0,RADAR,7043.535,134.602,20.605,-34.229
35.0,RADAR,8353.964,57.19,4.691,-34.059
35.0,RADAR,2733.996,73.879,25.062,172.284
35.0,RADAR,1507.113,111.863,20.598,-191.896
35.0,RADAR,4493.674,21.327,9.756,-90.172
35.0,RADAR,6618.289,95.227,0.045,-135.252
35.0,RADAR,2309.929,98.941,14.808,19.359
35.0,RADAR,4105.526,4.361,42.362,-156.677
35.0,RADAR,2776.022,26.378,44.157,47.064
35.0,RADAR,9544.059,177.606,3.98,189.8
36.0,RADAR,7075.926,61.653,26.838,82.02
36.0,RADAR,6443.971,50.343,31.009,-6.611
36.0,RADAR,10861.556,26.853,24.002,69.405
36.0,RADAR,7387.462,27.897,10.985,141.757
36.0,RADAR,1482.594,127.595,44.973,-197.007
36.0,RADAR,3254.64,121.346,2.7,35.916
36.0,RADAR,10576.001,105.866,16.433,78.913
36.0,RADAR,9320.122,37.375,25.341,152.763
36.0,RADAR,10335.666,84.922,14.471,-165.646
36.0,RADAR,4424.78,2.014,44.398,-111.007
36.0,RADAR,12408.263,30.356,12.762,-32.689
36.0,RADAR,5541.679,143.703,43.096,150.118
36.0,RADAR,3150.09,139.804,6.658,165.352
36.0,RADAR,8250.3,60.549,7.066,-195.276
36.0,RADAR,4471.258,164.524,35.877,187.917
36.0,RADAR,2410.661,106.592,11.572,17.177
36.0,RADAR,5486.368,51.024,25.823,-126.673
36.0,RADAR,7567.868,117.146,5.768,172.238
36.0,RADAR,8080.146,147.515,29.426,84.0
36.0,RADAR,11025.833,157.518,27.612,-88.713
36.0,RADAR,2393.135,109.125,2.986,-103.483
36.0,RADAR,1849.901,98.8,7.215,44.163
36.0,RADAR,12072.112,147.939,13.929,19.582
36.0,RADAR,8882.151,85.12,29.48,-115.965
36.0,RADAR,14709.405,17.654,37.315,37.638
37.0,RADAR,7230.164,61.192,22.618,96.65
37.0,RADAR,13450.226,137.173,31.419,-88.558
37.0,RADAR,10925.223,170.667,4.12,-69.535
37.0,RADAR,4285.412,70.785,33.405,-10.303
37.0,RADAR,8990.228,56.548,6.358,-93.227
37.0,RADAR,13035.524,108.435,17.009,115.962
37.0,RADAR,1902.404,45.7,10.355,194.146
37.0,RADAR,10885.38,111.201,0.224,-126.276
37.0,RADAR,9897.578,68.349,41.593,105.89
37.0,RADAR,7263.377,134.913,43.893,-15.608
37.0,RADAR,9995.362,165.36,11.19,154.623
37.0,RADAR,2365.626,116.721,35.228,45.842
37.0,RADAR,7937.487,111.122,6.825,-113.772
37.0,RADAR,4778.591,107.6,19.886,-102.21
37.0,RADAR,13359.331,67.306,20.071,-36.12
37.0,RADAR,3547.201,131.693,20.181,-193.497
37.0,RADAR,14496.192,146.837,32.56,147.637
37.0,RADAR,13695.302,60.748,27.493,43.523
37.0,RADAR,4742.195,39.951,5.126,63.726
37.0,RADAR,11932.866,136.972,14.232,-117.896
38.0,RADAR,7227.196,56.67,20.896,95.729
38.0,RADAR,4607.619,30.589,42.894,-121.832
38.0,RADAR,14431.31,136.951,28.843,70.408
38.0,RADAR,5640.641,116.357,8.401,175.082
38.0,RADAR,5225.107,45.934,32.002,62.579
38.0,RADAR,7318.185,113.84,7.177,69.331
38.0,RADAR,4788.55,49.11,7.298,-67.049
38.0,RADAR,5637.515,81.752,8.569,-122.797
38.0,RADAR,8584.34,23.198,31.0,177.579
38.0,RADAR,6975.139,162.199,4.424,-182.817
39.0,RADAR,7120.799,60.569,25.426,85.431
39.0,RADAR,10964.04,154.518,8.271,-199.67
39.0,RADAR,9379.399,63.695,5.57,-125.544
39.0,RADAR,5644.49,12.642,2.561,166.411
39.0,RADAR,5369.438,176.802,43.397,-142.971
39.0,RADAR,11008.94,108.145,31.079,-161.524
39.0,RADAR,3639.841,13.795,27.186,194.636
39.0,RADAR,10407.784,127.937,44.306,71.205
39.0,RADAR,1562.542,156.061,16.411,-198.255
39.0,RADAR,8101.278,168.663,11.58,-3.395
39.0,RADAR,3432.876,10.385,3.625,90.804
39.0,RADAR,13097.043,25.794,12.974,-121.988
39.0,RADAR,1375.981,99.618,31.496,59.151
39.0,RADAR,6432.75,99.902,4.234,-138.279
39.0,RADAR,14045.125,137.071,41.523,166.672
39.0,RADAR,10091.497,167.083,18.752,-198.554
39.0,RADAR,1875.996,19.708,4.291,-59.319
39.0,RADAR,10817.791,142.317,26.56,-141.426
39.0,RADAR,11470.622,63.864,0.585,-87.765
40.0,RADAR,6404.011,50.466,28.556,2.736
40.0,RADAR,5077.805,7.997,34.653,71.94
40.0,RADAR,3299.547,23.858,42.935,-86.054
40.0,RADAR,5972.861,57.975,40.421,25.186
40.0,RADAR,13868.239,53.986,5.168,22.487
40.0,RADAR,5837.518,144.343,39.574,-10.971
40.0,RADAR,14599.026,99.542,12.191,-4.41
40.0,RADAR,1522.344,144.72,4.565,-76.501
40.0,RADAR,8914.432,7.736,3.569,78.447
40.0,RADAR,2004.879,85.875,15.241,-108.768
40.0,RADAR,3642.905,137.414,42.819,-143.928
40.0,RADAR,14435.537,107.057,28.875,83.971
40.0,RADAR,10857.664,147.566,21.756,13.343
40.0,RADAR,5533.578,18.946,29.909,-186.556
40.0,RADAR,4858.891,16.961,8.583,55.492
40.0,RADAR,9798.673,75.79,4.058,-26.65
40.0,RADAR,5938.428,129.683,26.056,-3.374
40.0,RADAR,7817.749,173.933,34.033,-1.208
41.0,RADAR,6341.551,43.515,29.678,-11.374
41.0,RADAR,5047.563,11.874,34.286,85.243
41.0,RADAR,1895.616,132.743,4.58,-165.777
41.0,RADAR,5357.124,2.244,19.532,83.072
41.0,RADAR,12218.885,108.775,38.109,-37.399
41.0,RADAR,12882.809,91.165,10.037,177.658
41.0,RADAR,4849.592,4.716,10.92,-53.325
41.0,RADAR,5918.896,94.44,39.741,-83.065
41.0,RADAR,8290.789,61.225,36.98,-136.959
41.0,RADAR,2449.144,90.539,30.235,118.21
41.0,RADAR,9254.748,139.293,17.672,-186.853
41.0,RADAR,2625.39,6.97,14.802,-1.803
41.0,RADAR,5988.445,100.908,21.627,71.177
41.0,RADAR,10337.47,57.252,15.58,34.059
41.0,RADAR,9350.055,56.646,14.864,77.618
41.0,RADAR,10063.752,24.309,19.847,157.082
41.0,RADAR,1508.279,153.93,7.343,2.899
41.0,RADAR,6940.71,1.823,41.193,-18.03
41.0,RADAR,14359.756,51.614,38.982,168.956
42.0,RADAR,7430.833,50.222,22.607,82.274
42.0,RADAR,5282.773,8.54,33.096,91.831
42.0,RADAR,10687.399,116.633,3.097,133.769
42.0,RADAR,8327.934,163.296,39.51,125.003
42.0,RADAR,8222.585,45.308,22.769,-159.675
42.0,RADAR,10223.846,24.116,23.003,-178.247
42.0,RADAR,5193.175,41.774,27.901,114.715
42.0,RADAR,1802.241,153.051,38.735,-63.092
42.0,RADAR,10226.057,72.47,6.939,11.465
42.0,RADAR,2209.035,158.125,41.593,128.645
42.0,RADAR,8875.394,100.368,44.307,-100.839
43.0,RADAR,7524.656,65.187,22.994,60.357
43.0,RADAR,5713.391,122.233,34.045,-68.76
43.0,RADAR,12502.97,124.538,25.166,-199.603
43.0,RADAR,1491.271,178.356,35.203,175.026
43.0,RADAR,13632.245,3.68,35.633,-19.542
43.0,RADAR,12053.815,1.209,12.969,100.53
43.0,RADAR,12102.291,111.549,13.557,-75.855
43.0,RADAR,14534.695,79.058,20.121,20.933
43.0,RADAR,6733.033,99.481,19.455,130.686
43.0,RADAR,13726.714,167.78,25.393,-23.141
43.0,RADAR,10873.361,150.898,25.334,79.992
43.0,RADAR,11496.211,121.751,33.576,-116.542
43.0,RADAR,7977.244,105.888,0.112,142.385
43.0,RADAR,9540.343,23.245,36.736,86.823
43.0,RADAR,11616.194,70.568,38.439,-34.389
44.0,RADAR,7537.888,53.654,26.581,64.178
44.0,RADAR,6468.654,41.001,33.351,20.401
44.0,RADAR,5480.875,6.738,34.267,69.557
44.0,RADAR,8292.0,156.283,4.935,-47.624
44.0,RADAR,8083.502,77.819,4.886,-138.589
44.0,RADAR,12726.642,87.189,2.193,-193.403
44.0,RADAR,7628.656,29.588,31.731,118.129
44.0,RADAR,4196.154,106.592,6.95,-78.567
44.0,RADAR,13443.137,97.938,39.865,-109.901
44.0,RADAR,5620.341,84.771,21.604,199.059
44.0,RADAR,2602.234,153.354,38.866,21.279
44.0,RADAR,5816.52,93.461,13.161,119.643
44.0,RADAR,7975.908,166.652,28.021,5.728
44.0,RADAR,10954.971,90.708,40.703,-126.222
44.0,RADAR,14626.882,146.194,38.733,-6.837
44.0,RADAR,12720.822,55.219,34.288,-143.82
44.0,RADAR,5298.727,80.232,14.504,-45.193
44.0,RADAR,12481.466,46.202,33.538,-170.515
44.0,RADAR,11720.348,142.564,18.076,88.991
45.0,RADAR,7511.169,55.026,28.106,62.342
45.0,RADAR,6369.275,39.543,23.473,9.297
45.0,RADAR,5479.783,6.705,34.699,82.336
45.0,RADAR,5510.616,6.185,33.433,79.255
45.0,RADAR,4160.898,118.089,14.738,46.01
45.0,RADAR,13463.611,108.46,31.254,-53.799
45.0,RADAR,3236.339,57.705,43.393,48.725
45.0,RADAR,4885.156,81.165,37.598,67.377
45.0,RADAR,8849.14,159.329,30.26,57.092
45.0,RADAR,3656.754,19.15,43.431,39.543
45.0,RADAR,6819.568,106.024,2.782,128.851
45.0,RADAR,4033.037,144.818,24.047,-89.371
45.0,RADAR,1422.939,146.85,7.941,-179.278
45.0,RADAR,11582.288,63.008,17.52,-101.173
45.0,RADAR,13028.499,53.519,9.459,-76.3
45.0,RADAR,3844.094,57.178,3.732,-136.588
45.0,RADAR,6838.74,158.304,2.578,-114.93
46.0,RADAR,7685.83,56.795,18.941,71.369
46.0,RADAR,5703.326,5.096,33.358,74.959
46.0,RADAR,4894.272,9.6,33.204,-131.599
46.0,RADAR,6959.975,87.668,8.301,-162.178
46.0,RADAR,5872.182,171.411,27.681,-47.436
46.0,RADAR,1544.751,108.049,4.152,17.018
46.0,RADAR,11527.307,76.245,13.474,-181.046
46.0,RADAR,1346.89,77.405,39.751,-102.375
46.0,RADAR,9036.777,123.175,2.737,-138.76
46.0,RADAR,5637.875,120.617,19.757,93.678
46.0,RADAR,13146.37,136.507,44.651,101.744
46.0,RADAR,12930.509,149.826,32.862,120.721
46.0,RADAR,14085.565,85.537,28.723,5.976
46.0,RADAR,12914.518,77.645,36.888,119.742
46.0,RADAR,14466.405,44.806,31.933,102.768
46.0,RADAR,14107.899,163.242,25.809,31.661
47.0,RADAR,7945.299,70.321,22.896,93.022
47.0,RADAR,5605.345,13.721,29.481,83.55
47.0,RADAR,3803.792,15.275,23.019,-19.705
47.0,RADAR,11518.37,83.628,15.472,-95.338
47.0,RADAR,4894.054,167.013,7.429,195.271
47.0,RADAR,5576.872,15.91,11.191,-176.634
47.0,RADAR,12060.417,92.26,15.164,64.82
47.0,RADAR,9829.051,169.177,43.257,72.274
47.0,RADAR,12449.423,142.637,22.109,81.783
47.0,RADAR,2095.626,136.444,43.282,-166.01
47.0,RADAR,12705.621,167.936,10.179,9.924
47.0,RADAR,13990.015,172.841,5.755,-60.398
47.0,RADAR,10774.025,39.881,14.615,-190.684
47.0,RADAR,3149.304,101.219,29.389,59.565
47.0,RADAR,11897.047,74.751,12.307,-193.768
47.0,RADAR,3892.818,56.23,8.019,-191.942
47.0,RADAR,3204.267,119.898,28.331,174.273
47.0,RADAR,12174.356,102.196,6.19,25.629
47.0,RADAR,1862.331,77.559,17.562,-28.874
47.0,RADAR,4917.563,123.449,37.843,107.407
47.0,RADAR,9788.529,96.902,1.399,89.174
47.0,RADAR,8629.761,48.733,14.753,174.243
47.0,RADAR,9741.071,85.664,27.941,-34.503
48.0,RADAR,5679.963,5.331,31.17,92.126
48.0,RADAR,5668.008,7.193,27.855,88.006
48.0,RADAR,6936.239,49.986,16.503,-43.616
48.0,RADAR,9454.104,39.58,36.193,-24.985
48.0,RADAR,10887.418,14.66,21.148,-188.712
48.0,RADAR,10462.74,61.868,42.716,-70.35
48.0,RADAR,8893.283,46.33,27.905,-13.183
48.0,RADAR,6188.796,36.664,5.018,-152.048
48.0,RADAR,14986.56,74.216,0.087,181.172
48.0,RADAR,1279.719,75.346,32.286,165.84
48.0,RADAR,10980.408,83.453,43.85,-184.272
48.0,RADAR,14816.491,152.89,41.802,-98.091
48.0,RADAR,2994.413,119.397,23.214,9.267
48.0,RADAR,13944.668,111.615,13.998,-39.973
48.0,RADAR,2868.942,34.617,6.451,124.117
49.0,RADAR,7849.376,60.246,20.145,66.472
49.0,RADAR,8235.68,65.754,24.512,97.508
49.0,RADAR,10246.456,77.49,9.803,146.737
49.0,RADAR,5844.012,166.13,9.331,24.023
49.0,RADAR,8512.611,149.157,6.248,163.975
49.0,RADAR,8439.994,105.5,22.957,-185.59
49.0,RADAR,7959.269,47.439,15.421,59.641
49.0,RADAR,7967.76,16.779,3.287,-125.737
49.0,RADAR,3672.392,109.494,8.002,152.688
49.0,RADAR,3936.649,16.404,39.409,-81.869
49.0,RADAR,6955.917,172.625,42.497,85.967
49.0,RADAR,1965.145,106.801,44.509,178.766
49.0,RADAR,2484.035,71.274,14.199,-148.109
49.0,RADAR,10727.176,49.293,15.519,-163.856
49.0,RADAR,7971.546,28.47,19.444,-142.663
49.0,RADAR,14353.898,26.097,23.485,-121.208
49.0,RADAR,2069.065,36.416,2.465,-144.241
49.0,RADAR,7908.778,117.327,3.93,-23.593
50.0,RADAR,7823.381,50.318,18.97,74.066
50.0,RADAR,6711.016,29.191,28.087,36.952
50.0,RADAR,3524.952,128.898,16.07,140.747
50.0,RADAR,4373.68,96.911,8.286,-1.88
50.0,RADAR,3134.531,29.084,27.55,-94.486
50.0,RADAR,3413.141,167.358,1.935,26.059
50.0,RADAR,8675.694,45.11,20.375,-164.905
50.0,RADAR,11097.782,39.905,8.702,-74.049
50.0,RADAR,13633.179,143.364,42.61,60.785
50.0,RADAR,10280.901,86.406,40.733,4.351
50.0,RADAR,5970.841,115.268,24.576,-150.392
50.0,RADAR,6498.156,56.399,38.108,-48.463
50.0,RADAR,12501.773,79.63,33.908,-145.887
50.0,RADAR,13945.103,86.501,11.691,-103.404
50.0,RADAR,4711.082,66.01,32.288,179.841
50.0,RADAR,10366.524,98.49,20.187,131.278
50.0,RADAR,12895.201,52.747,42.904,-41.954
51.0,RADAR,7925.01,54.73,20.086,58.117
51.0,RADAR,5977.098,11.983,28.183,88.919
51.0,RADAR,3447.465,5.233,18.297,59.684
51.0,RADAR,9035.779,28.123,20.281,-52.212
51.0,RADAR,4838.834,131.269,13.934,16.057
51.0,RADAR,13925.129,97.07,27.766,-170.702
51.0,RADAR,3493.878,18.171,34.417,134.368
51.0,RADAR,3610.374,39.469,14.544,36.431
51.0,RADAR,9705.147,123.616,40.734,-81.984
51.0,RADAR,10222.626,100.75,13.763,162.966
51.0,RADAR,2336.768,128.16,32.754,166.131
51.0,RADAR,8260.128,57.892,37.248,108.324
51.0,RADAR,8004.419,138.214,12.054,35.803
51.0,RADAR,13112.568,57.237,21.76,180.418
51.0,RADAR,12174.966,159.667,17.336,198.602
51.0,RADAR,3135.918,93.379,21.567,119.373
51.0,RADAR,13720.649,131.605,28.207,-29.028
51.0,RADAR,8144.563,91.674,0.917,1.218
51.0,RADAR,12983.591,127.669,35.807,-43.806
51.0,RADAR,8405.625,6.027,17.235,-10.234
52.0,RADAR,6090.272,7.902,32.308,93.522
52.0,RADAR,6039.914,7.856,32.884,79.409
52.0,RADAR,4923.222,154.801,17.836,55.502
52.0,RADAR,4484.316,3.493,18.187,14.595
52.0,RADAR,7433.66,173.163,31.808,198.268
52.0,RADAR,5130.841,142.03,25.0,44.704
52.0,RADAR,14801.945,117.718,40.447,90.3
52.0,RADAR,2783.406,125.896,21.794,167.519
52.0,RADAR,12295.682,18.744,6.026,-172.156
52.0,RADAR,7905.428,14.539,32.566,20.943
52.0,RADAR,12702.39,50.363,23.361,-153.008
52.0,RADAR,13384.54,31.501,4.606,-117.98
52.0,RADAR,12287.241,19.047,27.649,98.473
52.0,RADAR,11515.136,34.211,2.773,-20.477
53.0,RADAR,8405.505,71.193,23.634,79.398
53.0,RADAR,6192.542,3.97,30.303,93.823
53.0,RADAR,13218.504,108.577,7.941,22.664
53.0,RADAR,4580.929,175.716,1.474,92.927
53.0,RADAR,11821.958,12.089,7.734,-46.277
53.0,RADAR,13154.168,96.66,29.489,113.205
53.0,RADAR,12593.719,85.731,22.896,87.202
53.0,RADAR,4686.793,153.808,0.935,-121.691
53.0,RADAR,12202.799,61.246,6.742,-125.298
53.0,RADAR,8430.59,152.313,3.179,-187.808
53.0,RADAR,7512.354,172.114,12.555,183.668
53.0,RADAR,13427.536,50.964,36.763,74.347
53.0,RADAR,8165.513,76.125,36.698,117.232
54.0,RADAR,8153.202,56.169,19.82,74.482
54.0,RADAR,6155.245,10.187,29.035,73.025
54.0,RADAR,6218.176,7.977,29.984,83.086
54.0,RADAR,1913.881,13.486,26.545,123.832
54.0,RADAR,6641.478,80.07,26.518,13.216
54.0,RADAR,10632.864,84.921,32.124,198.924
54.0,RADAR,5904.17,2.199,5.653,21.406
54.0,RADAR,5819.609,169.197,28.235,8.142
54.0,RADAR,12172.553,46.546,36.888,-198.776
54.0,RADAR,9675.483,168.256,35.454,141.454
54.0,RADAR,6557.366,148.363,24.787,47.416
54.0,RADAR,1824.815,36.279,24.793,-176.48
54.0,RADAR,11380.255,151.21,41.416,-159.293
54.0,RADAR,14156.083,12.172,21.333,136.1
54.0,RADAR,1984.356,3.282,1.123,4.508
54.0,RADAR,12362.354,22.937,5.607,27.419
54.0,RADAR,4280.138,131.438,42.734,106.413
54.0,RADAR,13280.455,93.525,37.454,-126.839
54.0,RADAR,1956.87,118.072,2.338,156.993
54.0,RADAR,10681.758,171.396,14.125,-5.537
55.0,RADAR,8404.476,58.759,22.035,82.181
55.0,RADAR,8555.618,70.955,18.259,82.266
55.0,RADAR,3318.863,106.297,7.636,89.438
55.0,RADAR,3733.383,161.331,1.179,8.799
55.0,RADAR,5481.467,40.514,21.222,136.808
55.0,RADAR,13813.881,54.585,6.941,88.056
55.0,RADAR,9147.982,36.183,34.213,7.572
55.0,RADAR,10147.533,64.681,19.759,-127.863
55.0,RADAR,11591.222,28.262,35.024,119.203
55.0,RADAR,11452.413,3.496,12.291,-12.665
55.0,RADAR,9337.621,165.46,16.902,150.009
55.0,RADAR,3288.01,66.83,2.353,96.996
56.0,RADAR,6422.883,7.124,27.847,87.411
56.0,RADAR,4198.111,106.597,17.067,-125.302
56.0,RADAR,2933.466,42.635,1.342,-76.749
56.0,RADAR,13627.366,149.645,16.74,30.333
56.0,RADAR,8943.048,149.173,10.633,-81.445
56.0,RADAR,5224.996,7.357,14.161,151.166
56.0,RADAR,13767.827,19.734,20.613,-47.46
56.0,RADAR,7851.029,99.85,0.912,136.897
56.0,RADAR,14631.297,117.613,29.72,11.192
56.0,RADAR,5679.828,26.816,26.283,-182.023
56.0,RADAR,12543.036,75.764,18.664,-69.132
56.0,RADAR,14570.954,31.485,6.809,-133.787
56.0,RADAR,10219.385,178.541,10.596,162.247
57.0,RADAR,8861.241,64.202,18.081,76.224
57.0,RADAR,6306.284,1.875,27.116,83.163
57.0,RADAR,4922.813,139.65,5.044,-84.645
57.0,RADAR,8470.679,94.486,38.269,198.451
57.0,RADAR,2500.952,48.85,16.092,-8.433
57.0,RADAR,7914.736,154.115,34.675,-192.459
57.0,RADAR,7370.305,111.253,20.718,-147.742
57.0,RADAR,6564.637,74.098,8.447,102.523
57.0,RADAR,5499.61,106.018,23.208,150.971
57.0,RADAR,2708.209,20.567,13.514,-27.514
57.0,RADAR,5179.591,137.374,11.037,-166.09
57.0,RADAR,6793.197,139.208,38.275,93.338
57.0,RADAR,8810.413,130.355,30.663,-106.253
57.0,RADAR,8710.624,138.71,14.27,61.589
57.0,RADAR,7740.726,90.569,4.052,66.487
58.0,RADAR,8513.637,66.994,23.138,68.492
58.0,RADAR,8778.255,66.228,20.644,66.266
58.0,RADAR,6578.665,3.056,28.384,88.425
58.0,RADAR,11445.459,138.555,32.585,-190.207
58.0,RADAR,10852.313,178.226,10.918,-90.305
58.0,RADAR,12389.372,28.871,29.726,102.011
58.0,RADAR,1520.249,99.677,25.914,-78.623
58.0,RADAR,13268.825,29.295,16.389,139.467
58.0,RADAR,3668.999,147.847,3.558,-4.308
58.0,RADAR,2054.629,122.023,35.577,139.943
58.0,RADAR,14737.672,120.963,34.608,2.303
58.0,RADAR,13778.317,115.877,39.76,-105.819
58.0,RADAR,7954.329,131.367,9.122,-115.464
58.0,RADAR,14692.598,78.23,8.182,-67.414
58.0,RADAR,6563.266,112.155,41.536,194.636
58.0,RADAR,10123.783,125.986,14.482,142.863
58.0,RADAR,4049.177,19.149,43.797,145.655
58.0,RADAR,5251.032,121.531,21.016,-70.749
58.0,RADAR,5014.839,24.485,24.719,-21.361
58.0,RADAR,8170.61,38.764,42.237,55.436
58.0,RADAR,13594.409,19.669,28.028,139.785
59.0,RADAR,4797.837,116.732,2.386,-63.854
59.0,RADAR,10656.528,31.653,9.942,-119.733
59.0,RADAR,1012.965,85.278,1.753,-90.824
59.0,RADAR,14927.248,165.311,9.678,-75.999
59.0,RADAR,7491.864,151.994,36.119,-149.503
59.0,RADAR,2742.284,75.012,39.154,152.834
59.0,RADAR,2503.122,103.374,7.005,74.452
59.0,RADAR,13830.065,81.858,3.739,31.702
59.0,RADAR,6719.233,145.962,15.316,149.959
59.0,RADAR,4831.806,28.353,13.792,-186.034
59.0,RADAR,4937.444,118.821,6.403,-155.454
59.0,RADAR,2853.394,13.959,39.359,177.646
59.0,RADAR,1651.856,136.813,33.172,198.764
59.0,RADAR,5870.189,51.392,20.389,142.63
59.0,RADAR,11200.311,84.892,11.005,90.806
60.0,RADAR,8617.469,64.564,20.674,86.683
60.0,RADAR,9103.678,71.114,23.75,71.281
60.0,RADAR,6990.52,30.124,15.588,117.431
60.0,RADAR,4442.987,110.141,40.553,26.772
60.0,RADAR,3713.097,62.058,26.567,2.644
60.0,RADAR,3080.678,80.423,24.438,-93.067
60.0,RADAR,9574.237,12.629,15.147,121.711
60.0,RADAR,4629.987,108.932,18.451,-73.416
60.0,RADAR,13825.844,61.787,10.65,163.721
60.0,RADAR,11443.221,122.724,2.229,-147.518
60.0,RADAR,9936.759,37.698,10.154,111.655
60.0,RADAR,5002.949,12.886,1.639,-22.729
60.0,RADAR,9639.8,156.399,4.986,-121.331
60.0,RADAR,8417.209,65.54,21.714,169.65
60.0,RADAR,8628.483,74.722,44.525,-173.914
61.0,RADAR,8718.263,62.466,17.541,73.735
61.0,RADAR,6761.149,8.91,27.249,84.708
61.0,RADAR,7252.136,1.09,3.375,-27.756
61.0,RADAR,2146.878,49.62,29.497,-76.554
61.0,RADAR,14967.08,164.934,26.339,186.779
61.0,RADAR,13152.242,57.402,33.732,-145.267
61.0,RADAR,10583.72,88.395,0.757,-90.308
61.0,RADAR,14375.351,56.85,8.165,-124.987
61.0,RADAR,7708.986,151.677,34.11,-25.259
61.0,RADAR,3922.176,8.292,20.818,125.91
61.0,RADAR,11215.548,73.548,26.762,-25.501
61.0,RADAR,9106.226,93.151,30.643,3.084
61.0,RADAR,14168.554,77.045,0.716,-105.451
61.0,RADAR,8008.496,97.303,24.857,85.821
61.0,RADAR,4845.074,119.683,31.681,-35.488
61.0,RADAR,6630.367,32.206,18.629,114.727
61.0,RADAR,13725.622,106.85,13.472,72.916
62.0,RADAR,8863.846,61.942,20.731,76.379
62.0,RADAR,6897.527,6.564,28.996,86.267
62.0,RADAR,10182.816,24.589,34.894,-119.325
62.0,RADAR,11239.198,145.005,5.64,-165.302
62.0,RADAR,14294.019,83.348,28.361,-190.696
62.0,RADAR,4901.943,90.972,39.88,-91.424
62.0,RADAR,11852.678,119.198,5.187,-82.65
62.0,RADAR,4330.097,79.655,28.59,-26.632
62.0,RADAR,4423.512,125.258,26.301,7.726
62.0,RADAR,8761.874,39.942,30.619,-45.0
62.0,RADAR,6088.549,26.952,26.858,41.066
62.0,RADAR,5764.209,154.773,38.046,-156.378
62.0,RADAR,10730.537,70.89,44.987,-109.991
62.0,RADAR,4927.339,79.579,12.092,76.797
62.0,RADAR,7732.714,39.758,22.787,155.515
63.0,RADAR,8967.622,60.882,20.632,76.005
63.0,RADAR,9226.849,70.316,24.616,94.837
63.0,RADAR,14176.431,58.316,36.671,99.531
63.0,RADAR,10350.934,165.672,18.357,-44.132
63.0,RADAR,3253.264,49.637,39.59,-10.247
63.0,RADAR,5778.947,38.9,21.823,86.666
63.0,RADAR,5013.688,136.389,28.34,115.025
63.0,RADAR,4512.735,113.585,6.918,-54.481
63.0,RADAR,11141.041,113.7,8.454,143.337
63.0,RADAR,1746.914,107.139,44.272,12.602
63.0,RADAR,12209.405,107.133,35.239,62.238
63.0,RADAR,10675.848,41.006,33.382,-104.836
63.0,RADAR,14728.964,41.002,10.651,143.469
63.0,RADAR,4401.802,64.963,32.159,-136.501
63.0,RADAR,3227.005,87.545,10.966,-105.737
63.0,RADAR,1129.345,66.681,14.321,-187.538
63.0,RADAR,9697.264,112.798,3.186,-73.183
63.0,RADAR,13219.277,104.79,18.539,-13.959
64.0,RADAR,9379.202,69.828,13.7,95.216
64.0,RADAR,3655.049,165.491,4.639,-197.249
64.0,RADAR,12969.232,126.679,15.991,38.2
64.0,RADAR,4129.617,30.31,21.202,-58.725
64.0,RADAR,9613.221,39.267,29.832,106.745
64.0,RADAR,3332.906,7.894,19.781,109.61
64.0,RADAR,10110.918,126.339,18.128,-106.022
64.0,RADAR,8444.904,36.786,32.68,-121.213
64.0,RADAR,5077.686,91.178,21.902,40.34
64.0,RADAR,7124.224,165.505,37.797,151.645
64.0,RADAR,9813.232,114.301,27.414,-26.046
64.0,RADAR,5509.484,106.561,1.149,-197.017
64.0,RADAR,12922.986,8.356,23.616,45.995
64.0,RADAR,3774.397,161.232,8.554,153.806
64.0,RADAR,11681.864,43.334,6.783,-73.507
65.0,RADAR,7287.289,9.273,25.539,105.581
65.0,RADAR,2684.0,147.028,12.361,19.708
65.0,RADAR,8694.873,108.475,2.497,-132.552
65.0,RADAR,3256.691,54.369,6.521,168.769
65.0,RADAR,8181.362,112.244,16.087,-89.502
65.0,RADAR,8044.48,52.978,15.464,-18.9
65.0,RADAR,8080.272,177.177,10.05,-4.81
65.0,RADAR,3093.164,63.0,32.279,-130.215
65.0,RADAR,9138.918,75.006,2.321,173.23
65.0,RADAR,6790.444,141.107,18.734,174.944
65.0,RADAR,5066.585,74.202,34.149,-62.533
65.0,RADAR,6100.999,179.068,25.003,75.752
65.0,RADAR,10008.471,149.026,38.782,25.302
65.0,RADAR,5123.785,4.104,27.648,130.188
65.0,RADAR,7307.557,29.647,12.964,3.996
65.0,RADAR,12713.537,30.916,27.547,101.347
66.0,RADAR,9043.373,65.92,22.409,73.303
66.0,RADAR,7216.813,4.845,23.344,83.902
66.0,RADAR,7304.955,0.64,19.295,94.8
66.0,RADAR,7688.532,157.411,22.502,-177.843
66.0,RADAR,1558.398,40.93,37.925,48.592
66.0,RADAR,8881.41,57.415,41.824,-67.529
66.0,RADAR,12689.222,161.263,21.75,157.716
66.0,RADAR,4875.246,118.518,3.958,-10.426
66.0,RADAR,4042.645,11.297,0.168,-70.099
66.0,RADAR,9253.428,81.941,13.58,196.48
66.0,RADAR,14153.351,22.618,18.68,59.539
66.0,RADAR,11268.871,65.947,33.583,-150.34
66.0,RADAR,5645.377,128.958,28.156,134.884
66.0,RADAR,1655.998,31.391,2.182,-123.154
66.0,RADAR,1059.959,90.758,23.774,63.157
67.0,RADAR,7443.362,2.626,23.268,88.152
67.0,RADAR,7207.331,7.99,21.9,102.997
67.0,RADAR,8600.24,46.315,7.747,-131.908
67.0,RADAR,7428.479,30.622,0.887,-179.164
67.0,RADAR,14018.384,13.133,3.293,-19.525
67.0,RADAR,4431.404,173.285,40.994,-38.103
67.0,RADAR,7282.241,67.52,1.704,-82.861
67.0,RADAR,2717.429,18.427,25.239,-160.494
67.0,RADAR,2441.039,86.492,19.903,-144.946
67.0,RADAR,1062.286,34.735,10.615,120.099
67.0,RADAR,13816.137,73.07,18.226,84.993
67.0,RADAR,9776.908,33.145,4.846,-24.955
67.0,RADAR,8907.597,24.967,13.197,-77.623
67.0,RADAR,4658.175,82.937,29.388,3.756
67.0,RADAR,3820.392,18.529,36.984,-8.278
67.0,RADAR,1869.949,46.462,36.182,100.691
68.0,RADAR,9142.549,63.778,17.872,81.753
68.0,RADAR,9733.735,72.734,17.236,61.383
68.0,RADAR,13035.941,68.738,34.041,30.936
68.0,RADAR,11075.576,32.001,32.913,183.037
68.0,RADAR,5237.287,177.509,17.027,-120.111
68.0,RADAR,2572.007,141.293,24.967,-77.147
68.0,RADAR,9518.305,59.778,20.176,145.066
68.0,RADAR,10354.331,137.232,26.257,196.559
68.0,RADAR,4379.741,47.212,4.165,21.608
68.0,RADAR,9587.029,130.673,15.095,-195.097
68.0,RADAR,9851.214,179.765,13.255,-126.426
68.0,RADAR,4944.737,76.575,11.291,-61.216
68.0,RADAR,9934.894,62.105,17.823,-183.987
68.0,RADAR,13851.195,73.239,14.766,-165.406
68.0,RADAR,9878.565,155.488,1.852,-141.891
68.0,RADAR,3049.458,108.409,41.455,-24.893
68.0,RADAR,5813.29,137.851,33.416,-101.298
68.0,RADAR,3251.569,64.406,34.902,78.025
68.0,RADAR,10321.952,149.297,12.471,-64.127
68.0,RADAR,1592.752,156.374,26.209,-80.751
68.0,RADAR,1971.831,130.214,33.693,66.471
68.0,RADAR,3852.934,164.379,33.892,63.103
68.0,RADAR,10113.215,162.784,41.774,38.255
69.0,RADAR,7542.784,2.784,24.314,84.188
69.0,RADAR,7626.829,3.039,25.682,99.48
69.0,RADAR,14958.369,5.439,26.88,60.085
69.0,RADAR,10545.051,46.013,32.471,-113.44
69.0,RADAR,12606.536,39.441,31.352,113.365
69.0,RADAR,3645.241,42.838,35.06,-165.6
69.0,RADAR,3670.653,81.996,41.858,24.751
69.0,RADAR,6427.49,176.107,20.867,-26.506
69.0,RADAR,6763.02,56.192,14.656,75.135
69.0,RADAR,1571.698,122.727,9.054,-46.317
69.0,RADAR,3051.546,99.495,32.821,-58.138
69.0,RADAR,3287.832,40.771,36.815,-92.941
69.0,RADAR,11845.836,59.616,8.493,90.923
69.0,RADAR,7559.63,5.63,43.197,-140.899
69.0,RADAR,5947.698,69.263,22.024,114.178
69.0,RADAR,1085.264,167.845,29.07,180.26
70.0,RADAR,9487.063,69.707,23.052,96.496
70.0,RADAR,9935.883,75.77,19.586,80.631
70.0,RADAR,7636.104,4.969,26.237,99.066
70.0,RADAR,5928.567,96.732,20.052,-197.66
70.0,RADAR,9042.471,134.551,7.855,172.662
70.0,RADAR,8425.594,32.084,29.068,-123.231
70.0,RADAR,1889.467,123.357,4.981,-157.513
70.0,RADAR,11359.21,9.936,36.44,118.46
70.0,RADAR,2979.508,93.309,4.348,53.028
70.0,RADAR,1881.02,170.007,9.348,73.158
70.0,RADAR,2796.08,37.727,20.293,29.238
70.0,RADAR,14984.085,4.667,0.014,-59.853
70.0,RADAR,6126.189,159.091,41.066,152.21
70.0,RADAR,3004.503,74.179,33.565,-74.956
70.0,RADAR,10285.332,42.686,14.554,144.172
70.0,RADAR,4507.127,173.578,13.782,-190.589
71.0,RADAR,7817.187,5.277,21.77,89.457
71.0,RADAR,7839.881,2.962,20.725,95.48
71.0,RADAR,14735.567,31.688,8.673,-141.767
71.0,RADAR,8982.703,79.861,11.23,-28.231
71.0,RADAR,10429.306,50.706,41.186,-77.462
71.0,RADAR,3774.506,171.822,36.475,-62.745
71.0,RADAR,12780.046,93.387,15.604,135.845
71.0,RADAR,11530.311,53.617,27.301,-52.244
71.0,RADAR,1014.728,173.127,24.733,39.373
71.0,RADAR,9398.48,99.115,13.052,188.63
71.0,RADAR,9703.358,120.766,20.466,-84.855
71.0,RADAR,1900.886,63.041,7.924,64.835
71.0,RADAR,13306.054,54.496,14.98,68.146
71.0,RADAR,3089.8,167.299,16.373,-159.52
71.0,RADAR,3445.576,167.894,11.12,64.908
71.0,RADAR,3186.313,34.938,39.566,-140.787
72.0,RADAR,10035.657,74.275,16.964,102.428
72.0,RADAR,7709.28,5.159,26.324,93.771
72.0,RADAR,14308.237,102.359,13.258,-4.188
72.0,RADAR,9591.993,76.811,35.601,33.845
72.0,RADAR,1132.1,102.571,28.512,166.105
72.0,RADAR,6792.103,103.404,21.375,12.663
72.0,RADAR,1942.257,161.511,40.969,19.224
72.0,RADAR,8791.777,10.36,26.908,-28.339
72.0,RADAR,10926.611,8.482,31.99,-85.242
72.0,RADAR,10123.875,112.883,10.208,-23.819
72.0,RADAR,12698.866,109.006,3.093,-22.836
72.0,RADAR,5364.8,115.496,27.655,-195.841
72.0,RADAR,9507.737,132.273,34.593,-176.41
72.0,RADAR,5251.218,75.829,8.09,-31.706
72.0,RADAR,1995.814,20.379,30.091,-94.971
72.0,RADAR,10959.682,8.66,25.322,-43.421
72.0,RADAR,12157.599,141.111,16.9,49.086
72.0,RADAR,4185.684,104.473,3.657,-26.158
72.0,RADAR,3558.188,159.009,20.021,36.309
72.0,RADAR,6045.346,51.973,9.131,164.749
72.0,RADAR,12192.521,23.987,33.603,-32.588
73.0,RADAR,10229.949,70.116,18.795,90.547
73.0,RADAR,7958.29,1.743,19.477,70.251
73.0,RADAR,13653.07,29.685,26.013,101.772
73.0,RADAR,6180.697,156.165,16.786,-130.676
73.0,RADAR,9176.677,75.702,0.684,-172.065
73.0,RADAR,3733.881,138.479,40.142,18.256
73.0,RADAR,2477.916,96.195,38.502,99.791
73.0,RADAR,5075.374,22.3,40.531,141.635
73.0,RADAR,1752.015,148.261,4.375,-174.687
73.0,RADAR,11620.413,96.536,18.655,161.545
73.0,RADAR,12750.25,10.372,27.724,108.907
73.0,RADAR,8706.868,176.941,30.872,-158.343
73.0,RADAR,3776.172,148.724,44.854,-160.664
73.0,RADAR,2404.61,137.41,2.896,-172.576
73.0,RADAR,13443.431,144.081,39.67,60.205
73.0,RADAR,5515.51,163.136,13.443,-89.796
73.0,RADAR,13409.606,122.548,40.305,-137.639
73.0,RADAR,14332.155,110.294,30.062,165.624
73.0,RADAR,6330.542,129.523,28.815,115.101
74.0,RADAR,9762.558,70.287,15.811,73.184
74.0,RADAR,10385.688,71.279,16.488,90.121
74.0,RADAR,8059.976,12.759,22.458,99.16
74.0,RADAR,13752.501,134.036,41.932,-12.004
74.0,RADAR,6786.095,64.513,27.734,-59.376
74.0,RADAR,11447.825,144.237,39.413,-102.88
74.0,RADAR,8378.309,40.22,1.69,83.13
74.0,RADAR,8685.738,130.307,3.943,198.21
74.0,RADAR,14920.88,83.7,38.973,-102.573
74.0,RADAR,11325.926,158.261,36.66,124.71
75.0,RADAR,10371.386,72.109,10.808,87.987
75.0,RADAR,8128.284,6.239,22.358,90.067
75.0,RADAR,8900.946,91.577,32.711,82.106
75.0,RADAR,12624.856,11.259,33.973,5.504
75.0,RADAR,2045.704,122.222,32.244,9.451
75.0,RADAR,12113.186,54.045,9.086,-59.706
75.0,RADAR,6740.707,125.268,38.048,88.367
75.0,RADAR,3435.826,65.919,7.129,74.69
75.0,RADAR,4474.406,94.57,35.632,68.376
75.0,RADAR,5177.236,59.916,29.401,19.787
75.0,RADAR,2349.509,157.318,23.068,-10.656
75.0,RADAR,3778.151,67.859,14.977,-91.706
75.0,RADAR,8943.692,83.21,40.014,176.538
75.0,RADAR,4072.628,18.019,35.34,197.945
75.0,RADAR,13090.401,4.266,11.307,-182.663
75.0,RADAR,12490.911,104.653,23.117,21.78
75.0,RADAR,4534.318,108.295,1.38,58.405
75.0,RADAR,11282.074,121.145,14.945,130.505
75.0,RADAR,11017.616,23.094,8.781,54.843
76.0,RADAR,3469.632,128.249,12.646,-75.377
76.0,RADAR,4128.981,141.337,43.192,-3.0
76.0,RADAR,1588.429,46.902,7.112,137.105
76.0,RADAR,2187.956,173.966,26.483,7.096
76.0,RADAR,12862.909,4.959,34.972,-153.358
76.0,RADAR,12770.893,95.252,2.751,133.298
76.0,RADAR,1382.398,24.907,35.902,-14.052
76.0,RADAR,13339.442,114.377,28.059,-83.106
76.0,RADAR,2871.527,173.011,4.716,11.604
76.0,RADAR,4815.96,47.545,26.756,119.174
76.0,RADAR,11880.513,156.384,13.181,-13.699
76.0,RADAR,1130.684,134.434,13.605,24.597
76.0,RADAR,3370.204,147.492,36.777,150.981
76.0,RADAR,1643.118,178.643,11.15,-76.227
76.0,RADAR,4490.7,48.156,24.87,-104.076
76.0,RADAR,6512.798,118.009,37.621,77.097
77.0,RADAR,9941.792,67.371,14.551,79.586
77.0,RADAR,8451.919,6.404,22.832,101.881
77.0,RADAR,9974.901,98.289,3.388,67.222
77.0,RADAR,5324.079,2.598,7.002,-0.976
77.0,RADAR,5345.623,124.989,10.829,109.118
77.0,RADAR,5010.681,111.755,35.965,-45.778
77.0,RADAR,1655.269,96.38,44.793,187.597
77.0,RADAR,4094.311,136.025,15.523,-135.891
77.0,RADAR,10322.806,90.156,24.265,130.957
78.0,RADAR,10805.557,74.84,16.104,101.862
78.0,RADAR,6267.93,104.522,36.717,144.495
78.0,RADAR,12463.814,81.986,5.349,27.669
78.0,RADAR,3190.004,10.973,22.44,62.149
78.0,RADAR,12958.062,140.91,38.576,104.028
78.0,RADAR,10845.352,1.825,28.175,-151.807
78.0,RADAR,1821.34,28.154,37.048,97.54
78.0,RADAR,14282.814,176.216,40.198,-146.83
78.0,RADAR,13297.358,150.955,39.199,-139.326
78.0,RADAR,2635.086,166.286,7.822,-52.551
78.0,RADAR,7383.788,22.4,0.929,197.636
78.0,RADAR,13273.201,164.221,12.805,-111.959
78.0,RADAR,6962.132,81.597,0.252,111.701
78.0,RADAR,14953.339,95.164,17.472,-42.899
78.0,RADAR,2345.08,47.909,22.596,-27.261
78.0,RADAR,8630.486,152.832,10.136,-188.934
78.0,RADAR,1535.156,24.15,25.672,123.274
78.0,RADAR,13415.283,114.32,18.141,-138.194
78.0,RADAR,6619.857,59.835,39.151,-5.312
78.0,RADAR,4166.743,51.984,6.141,167.434
78.0,RADAR,1704.842,2.312,8.235,124.35
78.0,RADAR,8328.535,112.652,16.098,-172.529
78.0,RADAR,12986.214,34.541,1.488,29.082
79.0,RADAR,8264.663,8.585,15.156,101.794
79.0,RADAR,9497.604,175.043,16.855,-173.969
79.0,RADAR,8525.524,114.902,6.282,21.145
79.0,RADAR,3768.74,152.051,37.582,-28.148
79.0,RADAR,14534.405,176.359,5.816,-52.914
79.0,RADAR,9404.501,15.271,17.219,-95.531
79.0,RADAR,14328.703,74.085,34.32,-45.318
79.0,RADAR,2845.369,155.367,0.019,-177.624
79.0,RADAR,6101.382,123.642,15.377,-173.475
79.0,RADAR,5449.76,44.097,0.244,13.921
79.0,RADAR,2633.043,51.749,28.854,90.046
80.0,RADAR,8594.042,3.354,17.506,78.608
80.0,RADAR,9962.397,110.175,29.257,109.32
80.0,RADAR,5569.012,165.316,32.994,121.883
80.0,RADAR,11093.47,64.522,12.736,-30.993
80.0,RADAR,2358.425,81.23,1.941,-198.422
80.0,RADAR,14040.985,124.081,25.283,-63.559
80.0,RADAR,8987.532,160.484,29.357,40.993
80.0,RADAR,7442.863,62.225,31.435,192.392
80.0,RADAR,6946.608,70.597,19.265,-29.782
80.0,RADAR,14868.747,127.22,16.163,-51.399
80.0,RADAR,7031.157,6.608,23.752,124.552
80.0,RADAR,10247.949,35.716,32.762,87.783
81.0,RADAR,10858.25,75.938,15.613,100.966
81.0,RADAR,3082.002,82.791,44.54,2.368
81.0,RADAR,7976.534,100.583,8.37,-141.134
81.0,RADAR,10482.965,71.238,13.046,-187.443
81.0,RADAR,12844.707,5.819,33.749,-47.205
81.0,RADAR,9381.629,44.582,6.993,13.355
81.0,RADAR,10738.648,35.189,19.636,-22.138
81.0,RADAR,4023.708,101.709,6.567,3.9
81.0,RADAR,2588.041,87.398,14.022,-19.101
81.0,RADAR,7072.491,163.428,22.047,127.4
81.0,RADAR,4159.134,63.375,3.379,-31.701
81.0,RADAR,10361.798,150.87,25.466,56.029
81.0,RADAR,3481.739,6.697,35.626,-133.185
81.0,RADAR,2276.373,168.761,43.358,46.503
81.0,RADAR,6300.922,149.983,9.212,-28.243
81.0,RADAR,5998.242,164.286,41.39,60.354
82.0,RADAR,8740.25,4.972,17.854,89.8
82.0,RADAR,12215.066,6.72,1.263,-15.474
82.0,RADAR,4098.078,106.869,1.162,-185.844
82.0,RADAR,11180.079,37.83,29.539,99.969
82.0,RADAR,1830.636,138.556,12.079,-44.182
82.0,RADAR,2212.949,150.953,25.233,1.866
82.0,RADAR,14559.767,60.211,40.085,87.875
82.0,RADAR,13999.394,163.404,44.596,-147.329
82.0,RADAR,12144.229,144.809,28.997,-88.456
82.0,RADAR,14512.076,36.796,22.481,8.595
82.0,RADAR,3265.611,130.055,3.999,77.239
82.0,RADAR,12880.617,62.891,31.924,-137.29
82.0,RADAR,12843.286,171.366,6.871,76.744
82.0,RADAR,8081.635,95.67,31.792,-4.504
82.0,RADAR,9404.569,41.562,17.033,146.096
82.0,RADAR,2538.635,107.564,8.293,138.616
82.0,RADAR,9106.615,72.549,11.242,-25.262
82.0,RADAR,14406.573,91.658,21.127,98.51
82.0,RADAR,6306.659,76.936,15.163,-139.632
82.0,RADAR,10993.329,157.146,40.752,152.321
82.0,RADAR,7324.973,51.132,28.707,181.882
82.0,RADAR,11178.709,89.073,30.996,109.015
83.0,RADAR,10447.966,72.855,18.247,75.52
83.0,RADAR,11269.729,71.419,15.957,90.533
83.0,RADAR,8949.739,2.578,22.847,66.627
83.0,RADAR,3862.647,53.296,39.408,-83.444
83.0,RADAR,7479.496,127.033,39.24,63.428
83.0,RADAR,11543.529,31.199,39.483,-89.712
83.0,RADAR,2797.294,175.724,9.074,-145.339
83.0,RADAR,9764.293,57.395,6.001,40.448
83.0,RADAR,11625.793,142.776,6.998,22.747
83.0,RADAR,12391.497,28.996,9.346,-199.035
83.0,RADAR,8344.878,35.043,32.591,184.886
83.0,RADAR,3922.577,116.837,9.533,-192.797
83.0,RADAR,11619.759,78.121,42.605,13.714
83.0,RADAR,3204.76,80.959,9.13,151.212
83.0,RADAR,10672.645,61.423,23.752,67.792
83.0,RADAR,11960.008,14.426,1.013,-154.219
83.0,RADAR,6529.948,84.007,6.141,-35.539
83.0,RADAR,7182.719,19.636,41.25,39.658
83.0,RADAR,6439.497,91.243,14.139,141.732
83.0,RADAR,9050.211,89.081,40.99,135.192
83.0,RADAR,12379.226,40.61,6.891,76.039
84.0,RADAR,11248.962,71.487,13.751,107.455
84.0,RADAR,8809.762,-0.216,15.865,56.787
84.0,RADAR,11343.803,128.722,11.997,22.388
84.0,RADAR,12974.363,44.914,33.119,181.587
84.0,RADAR,13127.387,72.274,27.324,196.708
84.0,RADAR,8958.124,20.705,2.044,116.126
84.0,RADAR,6930.797,44.426,15.645,102.949
84.0,RADAR,7513.463,156.33,33.072,189.606
84.0,RADAR,13439.053,45.818,29.658,-191.783
84.0,RADAR,14875.494,46.981,29.916,139.661
84.0,RADAR,3246.505,152.618,0.551,-23.209
84.0,RADAR,7608.527,67.336,26.387,165.937
84.0,RADAR,5577.848,104.267,39.486,109.198
84.0,RADAR,1570.266,169.702,2.099,35.503
84.0,RADAR,9054.951,141.55,6.68,-128.252
84.0,RADAR,11529.497,26.911,21.125,92.659
84.0,RADAR,10117.387,37.909,13.678,187.59
84.0,RADAR,7281.389,8.002,9.881,-63.026
84.0,RADAR,14992.852,54.484,1.188,5.169
84.0,RADAR,2170.475,49.332,44.657,81.855
84.0,RADAR,1709.333,80.764,7.724,-150.822
85.0,RADAR,10635.78,68.889,16.745,65.847
85.0,RADAR,11361.557,74.033,14.089,83.771
85.0,RADAR,8955.999,6.192,25.506,109.044
85.0,RADAR,8903.927,7.259,19.304,21.056
85.0,RADAR,5938.282,21.263,42.494,-24.729
85.0,RADAR,10664.638,103.548,22.577,46.631
85.0,RADAR,13576.792,125.876,23.962,58.074
85.0,RADAR,9489.52,77.962,28.114,-22.572
85.0,RADAR,11606.601,174.404,43.194,128.294
85.0,RADAR,9424.625,134.88,8.012,-8.393
85.0,RADAR,4602.267,0.629,43.503,145.539
85.0,RADAR,8191.781,45.747,31.184,-26.08
85.0,RADAR,12246.893,179.913,15.709,-102.239
85.0,RADAR,4743.355,16.802,17.732,-193.03
85.0,RADAR,2601.538,48.905,7.194,92.864
85.0,RADAR,2478.467,155.879,9.95,-156.564
86.0,RADAR,11421.187,74.449,20.297,109.06
86.0,RADAR,4737.605,145.53,12.3,-198.851
86.0,RADAR,6990.792,2.256,40.941,56.725
86.0,RADAR,9162.2,36.286,31.498,70.902
86.0,RADAR,1846.49,158.552,26.074,116.987
86.0,RADAR,4680.797,21.969,31.61,117.553
86.0,RADAR,6404.469,4.265,36.821,-117.562
86.0,RADAR,5746.447,113.082,4.498,-171.202
86.0,RADAR,1359.853,164.995,14.012,64.264
86.0,RADAR,14849.293,120.501,23.629,8.368
86.0,RADAR,6276.84,107.96,43.146,115.218
86.0,RADAR,6939.173,59.84,39.759,-145.686
86.0,RADAR,12894.194,45.914,32.203,122.488
86.0,RADAR,7677.951,34.611,38.015,-52.997
86.0,RADAR,5489.524,91.803,19.579,73.221
86.0,RADAR,2920.769,78.424,40.127,-185.575
86.0,RADAR,7402.737,118.896,39.947,37.514
86.0,RADAR,12542.78,40.084,15.876,176.853
86.0,RADAR,13403.652,100.432,21.397,-19.573
86.0,RADAR,1823.055,160.628,36.817,-17.5
86.0,RADAR,4912.16,61.726,5.542,88.716
86.0,RADAR,8793.378,42.139,28.035,191.692
87.0,RADAR,3202.824,27.85,38.536,-75.445
87.0,RADAR,9824.667,112.819,37.763,95.958
87.0,RADAR,12768.07,112.539,20.226,-42.573
87.0,RADAR,6306.417,75.311,5.819,-30.417
87.0,RADAR,6452.229,6.223,12.381,100.763
87.0,RADAR,9091.238,145.11,24.421,141.634
87.0,RADAR,12144.939,17.691,43.965,-194.101
87.0,RADAR,9355.733,142.652,14.935,39.428
87.0,RADAR,6069.715,10.911,0.381,-162.055
87.0,RADAR,2377.734,109.96,23.664,-17.815
87.0,RADAR,10686.901,3.029,12.194,110.957
87.0,RADAR,13739.679,78.901,3.667,119.491
87.0,RADAR,13392.386,74.459,10.951,-182.411
87.0,RADAR,9275.16,163.777,30.505,-73.101
87.0,RADAR,10000.437,149.772,21.412,127.899
87.0,RADAR,6486.735,62.731,26.234,-14.125
88.0,RADAR,10866.035,71.505,17.795,78.125
88.0,RADAR,9327.916,4.734,23.723,100.375
88.0,RADAR,8994.732,11.304,17.629,13.082
88.0,RADAR,5578.528,128.582,26.181,52.721
88.0,RADAR,8777.321,139.085,8.552,22.285
88.0,RADAR,3213.425,73.305,29.88,-2.771
88.0,RADAR,6314.282,159.295,34.777,10.516
88.0,RADAR,14300.744,76.386,35.463,-132.826
88.0,RADAR,5001.095,60.855,4.762,0.722
88.0,RADAR,3691.642,114.153,8.554,-150.597
88.0,RADAR,14567.214,118.483,42.14,-4.045
88.0,RADAR,1467.634,103.387,25.125,-194.01
88.0,RADAR,13057.389,111.595,33.511,-2.432
88.0,RADAR,9657.634,46.345,43.819,-39.712
88.0,RADAR,3272.573,10.065,28.628,193.352
88.0,RADAR,13541.123,126.379,44.577,89.131
88.0,RADAR,5749.516,108.219,3.589,-111.327
88.0,RADAR,6845.563,36.327,42.908,198.239
88.0,RADAR,6193.103,127.661,18.35,-144.196
88.0,RADAR,5716.976,42.007,14.764,-113.991
88.0,RADAR,2572.832,39.137,40.759,-165.911
88.0,RADAR,5546.593,95.121,15.953,7.043
88.0,RADAR,1607.881,116.743,25.357,72.387
88.0,RADAR,8941.609,78.823,15.756,-109.426
89.0,RADAR,10923.013,70.908,18.202,99.67
89.0,RADAR,9442.145,2.16,15.501,83.197
89.0,RADAR,9794.701,112.022,14.48,-174.499
89.0,RADAR,3940.068,27.795,5.576,170.513
89.0,RADAR,1193.867,108.334,42.636,-55.979
89.0,RADAR,8379.373,125.241,14.273,-8.939
89.0,RADAR,12439.44,134.164,36.38,194.936
89.0,RADAR,6184.585,134.476,27.125,66.642
89.0,RADAR,11358.235,134.952,39.859,-60.271
89.0,RADAR,10148.739,50.452,26.756,100.47
89.0,RADAR,12074.015,75.622,22.892,-66.46
89.0,RADAR,3366.509,46.893,41.046,-76.412
89.0,RADAR,14646.631,43.466,32.538,29.561
89.0,RADAR,10756.181,115.912,31.804,162.219
89.0,RADAR,8888.573,12.213,12.187,83.288
90.0,RADAR,11966.446,74.985,13.848,81.624
90.0,RADAR,9460.51,4.186,14.581,110.339
90.0,RADAR,7681.086,51.878,24.752,-54.101
90.0,RADAR,13727.737,64.223,7.907,30.556
90.0,RADAR,6543.896,17.262,25.418,15.139
90.0,RADAR,3424.759,107.575,25.531,109.445
90.0,RADAR,6061.979,44.777,42.805,24.487
90.0,RADAR,1379.959,147.728,8.854,114.415
90.0,RADAR,10872.274,174.386,43.451,-90.236
90.0,RADAR,11730.294,57.034,28.314,39.098
90.0,RADAR,1763.609,0.933,2.599,-148.823
90.0,RADAR,4607.135,163.252,23.338,118.757
90.0,RADAR,12736.365,132.29,17.612,145.544
90.0,RADAR,11388.697,133.767,40.571,39.465
90.0,RADAR,8400.042,160.229,20.451,124.628
90.0,RADAR,1753.849,0.232,23.773,-170.555
90.0,RADAR,14671.602,0.99,32.317,-102.646
90.0,RADAR,14545.728,68.677,1.228,-189.226
90.0,RADAR,8747.227,177.608,44.09,-65.091
90.0,RADAR,7757.851,18.082,23.498,39.881
91.0,RADAR,9012.09,10.019,16.27,34.214
91.0,RADAR,9762.776,18.485,33.234,154.809
91.0,RADAR,13972.228,118.832,8.883,-165.881
91.0,RADAR,4248.349,173.152,43.306,-47.232
91.0,RADAR,5561.082,91.802,13.126,191.865
91.0,RADAR,4097.099,66.446,19.322,-149.974
91.0,RADAR,6359.548,154.212,6.316,33.609
91.0,RADAR,6692.92,30.697,0.555,-90.663
91.0,RADAR,1865.605,67.818,36.459,87.874
91.0,RADAR,14263.372,76.863,31.851,66.137
91.0,RADAR,4038.648,54.645,23.842,118.663
92.0,RADAR,12744.509,143.085,9.368,53.033
92.0,RADAR,11594.497,134.223,12.22,-127.552
92.0,RADAR,5593.722,86.372,25.82,134.78
92.0,RADAR,11766.479,121.707,11.857,-8.448
92.0,RADAR,5696.102,42.287,0.461,-64.215
92.0,RADAR,4585.628,102.942,2.804,-91.792
92.0,RADAR,1626.773,115.455,25.569,-65.008
92.0,RADAR,3062.684,172.426,26.298,71.645
92.0,RADAR,8438.883,145.176,40.337,-46.916
92.0,RADAR,10660.354,41.38,29.333,-40.338
92.0,RADAR,1094.942,171.995,39.08,-83.665
92.0,RADAR,14968.602,57.083,20.648,140.504
92.0,RADAR,5264.349,81.097,29.951,-147.813
92.0,RADAR,6912.905,55.694,30.455,-145.612
92.0,RADAR,4258.241,128.048,7.03,-31.192
92.0,RADAR,10980.33,137.784,4.27,140.798
92.0,RADAR,11135.612,61.073,34.371,91.32
92.0,RADAR,9412.477,100.527,33.062,199.704
92.0,RADAR,9099.731,145.569,33.492,142.323
92.0,RADAR,14363.348,34.755,7.446,34.541
92.0,RADAR,7290.131,102.73,35.912,172.686
92.0,RADAR,6843.822,129.228,8.856,13.821
92.0,RADAR,1305.267,90.675,24.54,94.178
92.0,RADAR,10092.787,64.511,0.258,-153.806
92.0,RADAR,14622.849,166.02,14.629,-96.459
93.0,RADAR,8954.839,6.561,18.206,18.104
93.0,RADAR,10223.761,94.794,12.189,21.545
93.0,RADAR,7897.91,143.275,43.019,-147.732
93.0,RADAR,13374.789,126.863,31.165,-50.28
93.0,RADAR,5814.715,1.015,44.199,42.602
93.0,RADAR,6632.601,97.878,1.824,-130.54
93.0,RADAR,9727.039,92.567,35.418,63.497
93.0,RADAR,9420.099,146.748,3.072,76.355
93.0,RADAR,11018.27,49.529,8.804,-114.459
93.0,RADAR,3773.972,94.281,6.103,63.714
93.0,RADAR,2471.096,4.84,14.368,-123.256
93.0,RADAR,14841.269,54.539,9.993,-121.292
93.0,RADAR,6233.941,109.053,35.188,-54.17
93.0,RADAR,9763.594,86.771,38.092,27.617
93.0,RADAR,5058.483,126.646,36.903,-13.824
94.0,RADAR,9895.18,5.567,18.225,104.787
94.0,RADAR,9107.542,15.496,12.327,26.81
94.0,RADAR,13712.582,128.113,2.293,153.597
94.0,RADAR,12573.341,98.403,1.008,24.972
94.0,RADAR,1764.247,57.668,28.301,165.165
94.0,RADAR,6009.139,154.804,41.326,-191.582
94.0,RADAR,4351.99,127.775,34.058,-43.033
94.0,RADAR,10194.565,110.189,33.29,87.463
94.0,RADAR,2202.191,28.485,5.973,172.992
95.0,RADAR,10043.837,5.988,14.435,105.172
95.0,RADAR,3022.32,116.312,44.275,74.822
95.0,RADAR,2109.269,163.413,28.939,-17.476
95.0,RADAR,10235.695,158.228,21.471,12.529
95.0,RADAR,7334.264,13.066,35.418,-149.435
95.0,RADAR,6523.98,69.628,12.602,-38.997
95.0,RADAR,9652.128,56.05,7.763,147.747
95.0,RADAR,14591.657,82.545,14.716,-181.007
95.0,RADAR,1515.922,70.719,41.861,92.283
95.0,RADAR,5889.772,174.248,19.294,-89.283
95.0,RADAR,6968.945,38.078,39.854,-55.531
95.0,RADAR,10211.566,70.028,40.578,56.952
95.0,RADAR,7835.526,23.786,40.586,18.727
95.0,RADAR,4990.742,158.027,2.45,-74.369
96.0,RADAR,9983.187,9.645,16.784,94.552
96.0,RADAR,6380.534,127.516,6.357,-89.548
96.0,RADAR,10182.63,86.232,34.654,158.844
96.0,RADAR,12527.216,33.157,4.116,-132.224
96.0,RADAR,11969.43,164.49,41.645,-80.714
96.0,RADAR,12764.779,96.522,37.026,19.346
96.0,RADAR,3042.505,14.26,43.075,-29.679
96.0,RADAR,5907.289,64.135,17.052,177.999
96.0,RADAR,1877.864,21.431,35.534,19.764
96.0,RADAR,2799.515,6.203,10.091,-95.676
96.0,RADAR,1198.982,38.896,33.224,142.173
96.0,RADAR,13575.302,70.185,14.374,199.944
96.0,RADAR,11770.766,96.723,11.465,-71.478
96.0,RADAR,8215.101,97.575,0.616,183.76
96.0,RADAR,9058.487,106.048,9.516,105.995
96.0,RADAR,11321.703,17.128,26.775,63.277
96.0,RADAR,12697.954,37.096,39.494,-15.408
96.0,RADAR,2351.331,19.012,8.901,-86.9
97.0,RADAR,9208.421,9.952,20.296,33.103
97.0,RADAR,10070.449,128.789,6.039,-196.135
97.0,RADAR,7078.083,16.113,16.099,-110.503
97.0,RADAR,13828.854,158.41,36.852,85.578
97.0,RADAR,3157.007,8.706,29.425,56.903
97.0,RADAR,6171.94,85.084,22.012,-104.029
97.0,RADAR,5398.333,75.31,27.143,182.328
97.0,RADAR,8538.785,131.61,36.315,-154.597
97.0,RADAR,10143.745,86.78,25.759,-184.633
97.0,RADAR,13687.02,171.501,0.157,-114.883
97.0,RADAR,3522.718,140.635,26.914,-129.067
97.0,RADAR,12395.593,63.625,20.739,-45.077
97.0,RADAR,8299.323,86.426,12.356,-30.178
97.0,RADAR,13716.72,90.521,41.237,20.051
97.0,RADAR,11763.442,52.846,35.569,-94.271
97.0,RADAR,1273.7,28.931,0.974,178.825
97.0,RADAR,14999.678,137.201,4.866,159.578
97.0,RADAR,11412.867,59.804,22.603,64.704
97.0,RADAR,1336.707,90.277,32.958,-124.71
97.0,RADAR,7213.068,95.855,33.1,185.781
97.0,RADAR,12875.858,111.873,26.264,41.275
97.0,RADAR,8632.501,10.685,31.423,86.535
97.0,RADAR,8174.725,156.67,30.26,-54.934
97.0,RADAR,1275.721,10.649,15.831,-15.158
98.0,RADAR,11798.03,68.929,7.756,-155.637
98.0,RADAR,2219.81,70.43,2.049,-66.546
98.0,RADAR,14461.465,91.351,37.019,-148.294
98.0,RADAR,4753.103,170.378,17.26,59.362
98.0,RADAR,14665.775,99.142,13.741,12.779
98.0,RADAR,1764.921,20.227,0.323,153.684
98.0,RADAR,10397.926,53.699,9.952,73.231
98.0,RADAR,13873.449,53.845,14.47,141.696
98.0,RADAR,13507.261,164.527,13.192,-151.875
98.0,RADAR,7159.966,53.238,39.774,-185.346
98.0,RADAR,9874.327,163.113,43.95,60.052
98.0,RADAR,14298.921,13.619,16.168,-196.514
99.0,RADAR,10370.392,1.947,17.863,82.197
99.0,RADAR,12069.092,99.803,16.983,-141.712
99.0,RADAR,14967.678,111.238,19.772,-51.549
99.0,RADAR,13680.195,147.815,36.503,46.479
99.0,RADAR,13431.392,53.87,31.667,-38.221
99.0,RADAR,9399.983,179.668,44.304,5.048
99.0,RADAR,9034.088,161.518,44.354,111.443
99.0,RADAR,1912.582,58.075,40.345,107.341
99.0,RADAR,11391.263,120.226,18.687,-38.703
99.0,RADAR,12325.055,52.88,30.817,90.483
99.0,RADAR,12823.784,57.579,33.385,-157.404
99.0,RADAR,2932.864,75.12,2.485,179.079
99.0,RADAR,13626.541,8.808,37.724,3.55
99.0,RADAR,10827.48,159.648,25.964,-153.469
99.0,RADAR,1036.101,89.446,42.715,29.049
99.0,RADAR,6221.148,5.566,41.174,-69.137
99.0,RADAR,10866.884,124.963,11.425,-174.489
99.0,RADAR,6390.005,57.084,31.512,127.913
99.0,RADAR,4114.236,95.082,1.827,-114.298
99.0,RADAR,11664.662,142.812,34.938,-143.045
99.0,RADAR,8714.486,76.088,44.617,61.628
99.0,RADAR,14092.829,26.163,20.289,108.643
100.0,RADAR,9257.227,6.744,17.674,30.47
100.0,RADAR,8400.426,47.766,43.365,164.595
100.0,RADAR,14620.671,179.446,30.141,-19.326
100.0,RADAR,12910.275,4.285,37.548,-1.086
100.0,RADAR,10425.08,67.328,16.588,-187.313
100.0,RADAR,6933.052,73.504,10.116,-101.071
100.0,RADAR,9177.954,57.199,37.361,-155.446
100.0,RADAR,9087.029,28.808,23.771,21.018
100.0,RADAR,9992.168,76.936,22.926,-127.619
100.0,RADAR,7482.215,67.145,29.976,-26.071
100.0,RADAR,11910.783,76.679,10.61,-90.525
100.0,RADAR,1633.993,97.185,37.39,107.645
100.0,RADAR,7129.053,35.302,38.857,-177.288
100.0,RADAR,6589.118,154.191,17.693,-152.85
100.0,RADAR,4723.293,108.005,6.842,61.974
100.0,RADAR,7134.267,60.19,10.842,129.332
101.0,RADAR,9313.067,17.247,20.847,29.426
101.0,RADAR,13751.919,141.62,26.225,16.58
101.0,RADAR,10024.624,51.809,36.533,142.739
101.0,RADAR,4741.04,162.507,38.193,-30.205
101.0,RADAR,13726.003,21.679,1.259,-60.853
101.0,RADAR,8916.1,63.26,42.393,-98.116
101.0,RADAR,4936.988,114.269,0.174,91.023
101.0,RADAR,6284.573,175.995,31.114,-179.114
101.0,RADAR,2296.789,15.87,42.868,73.621
101.0,RADAR,6986.484,36.087,39.314,-119.378
101.0,RADAR,10893.509,137.398,13.26,1.966
101.0,RADAR,4121.85,68.207,43.431,77.255
101.0,RADAR,12852.599,97.308,10.757,85.152
101.0,RADAR,8007.951,31.833,18.559,53.936
101.0,RADAR,11294.646,43.78,39.42,-48.18
101.0,RADAR,4795.914,35.122,36.188,-58.334
102.0,RADAR,5751.953,170.114,1.377,-146.823
102.0,RADAR,9243.018,126.253,11.281,21.628
102.0,RADAR,5457.407,99.736,29.67,189.123
102.0,RADAR,7379.756,116.679,26.012,-72.978
102.0,RADAR,4542.898,177.817,9.308,116.11
102.0,RADAR,3052.223,144.783,8.358,186.863
102.0,RADAR,10603.827,16.221,31.193,41.448
102.0,RADAR,5725.647,46.932,32.344,96.545
102.0,RADAR,5580.882,157.721,12.097,-172.054
102.0,RADAR,9398.15,19.273,12.45,2.875
102.0,RADAR,5009.035,38.699,31.643,18.8
102.0,RADAR,12756.657,104.623,21.755,-95.497
102.0,RADAR,12088.922,35.437,10.9,136.635
102.0,RADAR,11376.695,110.317,1.751,-149.097
102.0,RADAR,7999.404,134.341,20.885,-193.083
102.0,RADAR,3579.78,105.978,31.24,-186.629
102.0,RADAR,1606.645,47.036,3.758,16.778
102.0,RADAR,2731.828,116.679,34.975,188.207
103.0,RADAR,10781.914,2.661,12.687,103.355
103.0,RADAR,4070.839,127.104,29.659,14.198
103.0,RADAR,13750.845,18.565,6.736,-46.62
103.0,RADAR,10182.349,105.134,3.332,183.37
103.0,RADAR,5270.907,64.615,28.063,178.066
103.0,RADAR,10277.635,171.859,8.442,47.524
103.0,RADAR,12604.304,91.624,16.298,193.903
103.0,RADAR,2973.823,73.967,39.302,160.192
103.0,RADAR,14725.349,159.273,2.293,171.907
103.0,RADAR,6994.341,117.291,17.742,125.467
103.0,RADAR,9062.87,152.198,8.72,-126.007
103.0,RADAR,7165.275,0.855,31.178,-81.579
103.0,RADAR,8802.191,12.601,7.679,49.144
103.0,RADAR,5279.277,38.65,10.298,-114.072
103.0,RADAR,9719.913,30.184,16.322,75.155
104.0,RADAR,10695.583,4.005,16.888,93.178
104.0,RADAR,9595.242,159.612,2.634,135.072
104.0,RADAR,10490.101,64.799,11.536,-158.078
104.0,RADAR,14175.038,25.544,11.675,76.443
104.0,RADAR,10942.134,28.938,36.636,4.115
104.0,RADAR,12878.393,15.711,1.927,54.796
104.0,RADAR,3100.333,94.491,0.635,111.972
104.0,RADAR,13593.422,150.999,43.126,161.238
104.0,RADAR,7216.252,71.703,40.328,170.776
104.0,RADAR,14619.703,138.297,9.089,177.982
104.0,RADAR,14259.981,119.904,38.578,24.471
104.0,RADAR,14217.777,16.909,38.878,-177.799
104.0,RADAR,5747.499,24.359,21.561,-107.102
104.0,RADAR,14329.013,100.678,40.398,-88.777
104.0,RADAR,1363.686,139.618,31.607,18.197
104.0,RADAR,12414.798,151.215,26.456,186.371
104.0,RADAR,11075.967,121.838,16.264,-199.097
104.0,RADAR,4373.197,137.506,31.944,-67.591
104.0,RADAR,9758.162,35.152,11.863,178.963
104.0,RADAR,6784.528,44.098,21.92,-45.194
104.0,RADAR,11213.407,173.181,26.628,36.459
104.0,RADAR,6107.674,101.634,14.37,-199.563
104.0,RADAR,13125.346,77.3,22.144,-166.6
105.0,RADAR,11000.317,5.205,11.317,101.987
105.0,RADAR,9495.201,25.236,13.463,28.105
105.0,RADAR,11518.723,163.597,31.638,174.371
105.0,RADAR,9241.137,103.885,13.708,83.851
105.0,RADAR,13347.335,116.337,10.487,17.644
105.0,RADAR,11583.124,169.085,7.047,-149.001
105.0,RADAR,6781.209,22.61,44.119,-30.278
105.0,RADAR,8470.547,40.876,20.211,193.878
105.0,RADAR,7841.62,1.588,10.914,191.382
105.0,RADAR,14846.945,37.889,27.687,-169.237
105.0,RADAR,9084.183,22.666,36.84,175.83
105.0,RADAR,3421.815,83.288,4.592,-64.344
105.0,RADAR,1911.369,47.618,44.56,-182.159
105.0,RADAR,13025.557,13.941,23.805,-19.152
105.0,RADAR,14041.765,35.829,8.086,99.486
105.0,RADAR,11160.073,125.853,1.176,-96.016
105.0,RADAR,12758.532,108.154,27.099,-81.633
105.0,RADAR,4642.423,170.38,32.749,-149.254
105.0,RADAR,14127.897,104.827,15.001,-41.144
105.0,RADAR,11155.663,67.729,26.044,84.2
106.0,RADAR,9297.043,22.18,16.289,43.844
106.0,RADAR,13639.596,144.051,37.092,-96.637
106.0,RADAR,6871.647,99.687,1.989,107.917
106.0,RADAR,5528.488,50.867,11.668,-86.648
106.0,RADAR,5732.208,108.868,26.26,-97.715
106.0,RADAR,3889.94,148.744,4.173,5.129
106.0,RADAR,8287.852,103.345,39.854,49.566
106.0,RADAR,14630.873,156.844,9.663,-103.527
106.0,RADAR,5826.838,70.473,24.885,-106.995
106.0,RADAR,4112.833,68.65,30.241,75.25
106.0,RADAR,14665.634,36.435,17.679,185.871
106.0,RADAR,10660.122,106.61,24.284,-169.796
106.0,RADAR,13507.233,112.591,25.725,15.8
106.0,RADAR,6486.799,45.84,33.989,3.827
106.0,RADAR,1475.153,71.837,41.787,-50.442
106.0,RADAR,6785.262,112.313,36.075,67.384
107.0,RADAR,11040.871,5.245,16.273,99.554
107.0,RADAR,9442.598,23.733,17.054,35.824
107.0,RADAR,6188.703,71.597,15.077,54.96
107.0,RADAR,14453.108,77.154,43.8,67.119
107.0,RADAR,9499.907,42.679,2.831,140.774
107.0,RADAR,9035.735,74.594,36.539,-75.768
107.0,RADAR,11970.642,59.033,41.44,-92.813
107.0,RADAR,2925.758,125.657,7.328,179.745
107.0,RADAR,10177.772,41.555,9.397,169.55
107.0,RADAR,9510.011,160.872,4.96,170.157
107.0,RADAR,8280.69,120.316,16.779,-176.344
107.0,RADAR,14411.614,179.028,16.405,177.547
107.0,RADAR,3348.168,27.843,3.29,-43.492
107.0,RADAR,1732.232,71.038,6.228,92.211
107.0,RADAR,12667.077,123.807,9.022,106.739
107.0,RADAR,4493.003,136.708,25.533,-53.315
107.0,RADAR,2168.893,148.952,42.284,66.367
107.0,RADAR,14503.582,168.14,8.757,92.485
107.0,RADAR,5890.267,87.753,7.063,189.912
108.0,RADAR,11237.998,8.183,17.242,121.086
108.0,RADAR,9416.637,24.353,14.749,32.848
108.0,RADAR,3347.441,72.198,41.172,-60.257
108.0,RADAR,4497.099,133.715,42.711,-16.351
108.0,RADAR,1120.469,123.867,18.678,69.458
108.0,RADAR,4888.031,0.433,15.502,81.917
108.0,RADAR,6503.586,39.451,20.88,100.939
108.0,RADAR,2672.063,124.515,30.03,-51.705
108.0,RADAR,14584.707,161.047,14.227,-187.564
108.0,RADAR,5316.267,36.85,24.626,167.498
108.0,RADAR,13184.725,55.049,19.287,-185.383
108.0,RADAR,8618.289,11.406,42.237,146.774
108.0,RADAR,3998.627,125.886,25.561,120.543
108.0,RADAR,7659.129,34.519,28.793,-167.888
108.0,RADAR,9184.232,38.287,30.822,131.217
108.0,RADAR,2533.346,72.048,33.008,-134.519
108.0,RADAR,8931.331,120.931,15.966,132.793
108.0,RADAR,8149.215,112.859,6.339,-190.736
109.0,RADAR,9516.94,19.063,21.558,39.235
109.0,RADAR,2617.297,161.197,7.231,-131.282
109.0,RADAR,13614.121,87.231,16.78,21.463
109.0,RADAR,14739.563,21.533,34.063,-66.27
109.0,RADAR,2638.69,75.948,24.694,-117.615
109.0,RADAR,6673.772,114.422,25.94,89.264
109.0,RADAR,12709.663,73.645,19.034,-1.323
109.0,RADAR,8928.947,19.498,14.069,-131.243
109.0,RADAR,6401.939,175.204,26.223,-28.247
109.0,RADAR,8923.117,120.434,19.573,-20.916
109.0,RADAR,10819.616,10.955,24.304,18.931
109.0,RADAR,11594.532,176.876,35.809,1.515
109.0,RADAR,3372.345,105.887,37.543,172.966
109.0,RADAR,12554.345,34.014,32.066,152.062
109.0,RADAR,10534.238,123.435,22.507,54.79
109.0,RADAR,5121.33,15.986,37.247,177.258
109.0,RADAR,12995.513,60.104,4.209,-87.945
109.0,RADAR,12799.695,118.047,43.501,-62.928
109.0,RADAR,8720.61,142.207,10.53,185.636
109.0,RADAR,9293.567,1.422,1.132,152.886
109.0,RADAR,10033.941,137.353,35.281,-31.816
110.0,RADAR,11453.984,5.127,15.718,84.625
110.0,RADAR,1308.785,78.107,30.602,-155.834
110.0,RADAR,12091.55,169.542,4.092,-138.821
110.0,RADAR,14637.361,35.614,3.552,180.877
110.0,RADAR,13496.718,118.031,24.814,167.693
110.0,RADAR,10177.281,118.511,37.966,61.298
110.0,RADAR,8051.476,70.15,22.641,8.991
110.0,RADAR,6051.646,80.661,36.084,-33.395
110.0,RADAR,1357.837,50.943,10.428,117.433
110.0,RADAR,7290.103,50.456,36.482,-192.313
110.0,RADAR,3439.512,148.852,24.779,109.46
110.0,RADAR,12734.464,169.553,2.854,119.694
110.0,RADAR,10922.726,37.265,41.927,-38.319
110.0,RADAR,13426.547,108.92,23.704,-136.19
110.0,RADAR,13800.587,100.199,0.274,-192.686
110.0,RADAR,11886.856,29.149,26.943,72.433
111.0,RADAR,9492.632,23.993,13.88,43.831
111.0,RADAR,14440.326,70.925,25.3,171.483
111.0,RADAR,3279.355,99.087,4.755,47.0
111.0,RADAR,6119.565,174.174,18.693,-145.525
111.0,RADAR,12675.999,147.756,31.269,99.525
111.0,RADAR,4706.013,115.57,1.711,-121.244
111.0,RADAR,14051.912,133.062,10.38,-155.447
111.0,RADAR,14284.872,20.194,11.568,-126.946
111.0,RADAR,1104.493,56.544,43.838,-63.239
111.0,RADAR,8060.268,134.268,24.799,97.437
111.0,RADAR,10262.902,109.541,29.234,119.666
111.0,RADAR,10942.68,142.519,6.552,71.069
111.0,RADAR,11318.307,53.994,39.356,-78.115
111.0,RADAR,4413.65,156.077,11.116,-33.799
111.0,RADAR,6150.92,161.651,20.486,77.724
111.0,RADAR,12116.545,113.023,42.466,121.003
111.0,RADAR,6602.893,171.146,23.606,-190.969
112.0,RADAR,9628.931,25.77,12.67,33.737
112.0,RADAR,7130.822,87.512,28.683,9.825
112.0,RADAR,1609.33,156.872,20.543,-169.205
112.0,RADAR,11819.595,118.828,29.225,-29.234
112.0,RADAR,6746.959,96.541,2.277,-80.417
112.0,RADAR,14830.518,119.195,18.852,-111.055
112.0,RADAR,11432.931,46.852,7.307,-138.194
112.0,RADAR,11209.686,115.706,3.141,-153.983
112.0,RADAR,9873.856,102.801,30.87,-128.784
112.0,RADAR,11172.231,168.497,27.047,-121.548
112.0,RADAR,10513.614,61.755,2.218,-79.065
112.0,RADAR,13678.191,74.005,38.91,3.464
112.0,RADAR,8237.692,0.939,28.67,-156.874
112.0,RADAR,7702.478,46.857,17.657,14.831
112.0,RADAR,1202.498,51.225,44.533,-177.04
113.0,RADAR,4468.413,82.848,29.019,-71.071
113.0,RADAR,14282.816,176.341,5.385,-62.472
113.0,RADAR,3911.609,33.622,22.094,25.531
113.0,RADAR,6959.129,49.06,12.538,196.851
113.0,RADAR,13931.483,13.662,29.545,-17.249
113.0,RADAR,10643.397,107.453,40.016,-173.205
113.0,RADAR,5894.371,177.389,8.203,-149.067
113.0,RADAR,11205.608,139.938,30.252,110.478
113.0,RADAR,10712.102,24.439,27.37,110.751
113.0,RADAR,13117.232,44.322,5.734,112.436
113.0,RADAR,4591.677,5.747,37.135,2.396
113.0,RADAR,5572.864,2.057,1.59,117.049
113.0,RADAR,7855.882,26.95,16.133,-133.878
113.0,RADAR,2580.342,49.735,24.728,-115.997
114.0,RADAR,1544.119,6.383,15.758,87.521
114.0,RADAR,2837.574,141.656,32.205,-198.423
114.0,RADAR,1374.47,35.106,2.525,12.537
114.0,RADAR,1554.782,144.476,22.183,91.182
114.0,RADAR,11509.836,91.218,41.641,196.096
114.0,RADAR,6029.006,22.656,16.346,-110.658
114.0,RADAR,8434.079,68.11,21.62,105.275
114.0,RADAR,4836.294,96.745,15.082,113.984
114.0,RADAR,9953.513,1.531,29.702,-131.935
114.0,RADAR,11142.633,102.121,18.067,77.627
114.0,RADAR,12992.306,140.174,24.542,89.078
114.0,RADAR,6794.804,142.025,37.307,-145.082
114.0,RADAR,4332.439,48.598,7.474,-42.986
114.0,RADAR,3702.465,107.197,4.573,-92.032
114.0,RADAR,10317.289,71.738,18.966,119.17
115.0,RADAR,11882.258,4.419,10.866,87.748
115.0,RADAR,9764.156,21.805,15.669,30.398
115.0,RADAR,3199.427,172.49,11.349,90.654
115.0,RADAR,4235.581,110.89,29.667,-68.629
115.0,RADAR,12463.674,159.367,38.478,-67.681
115.0,RADAR,11420.764,100.708,26.668,-9.03
115.0,RADAR,9403.656,24.418,18.398,-128.931
115.0,RADAR,4921.477,23.007,9.562,112.772
115.0,RADAR,8697.71,4.256,35.484,163.787
115.0,RADAR,13326.01,148.143,44.65,34.561
115.0,RADAR,14476.227,170.792,14.096,145.374
115.0,RADAR,12094.617,139.644,40.333,-46.324
115.0,RADAR,6600.77,115.209,33.201,151.895
115.0,RADAR,13261.834,129.841,43.06,-128.549
115.0,RADAR,14304.758,11.554,25.003,-163.921
116.0,RADAR,12000.112,7.962,14.914,111.722
116.0,RADAR,2923.55,26.525,26.959,111.516
116.0,RADAR,9356.512,145.683,26.616,118.928
116.0,RADAR,14671.315,70.373,6.747,-145.841
116.0,RADAR,9364.686,98.479,8.291,152.842
116.0,RADAR,14394.477,45.579,9.31,-114.431
116.0,RADAR,6423.901,153.581,26.818,-172.979
116.0,RADAR,7621.707,16.26,18.28,-38.592
116.0,RADAR,10076.937,98.902,39.364,-193.49
116.0,RADAR,11835.984,4.079,13.693,151.865
116.0,RADAR,10665.798,30.959,22.085,88.762
116.0,RADAR,14122.806,114.178,1.11,-0.119
116.0,RADAR,3141.463,8.6,26.933,110.769
116.0,RADAR,1504.848,141.046,31.787,100.795
116.0,RADAR,4426.197,70.847,5.389,-104.444
116.0,RADAR,5239.055,57.499,7.877,-124.515
116.0,RADAR,13620.586,141.101,15.501,179.057
116.0,RADAR,4344.918,73.228,36.609,-22.845
116.0,RADAR,4284.755,66.336,22.532,48.258
117.0,RADAR,4072.387,156.155,33.632,-35.888
117.0,RADAR,11461.19,1.259,15.502,-23.88
117.0,RADAR,7577.179,134.772,43.326,-48.001
117.0,RADAR,5908.398,109.893,12.656,-143.46
117.0,RADAR,14461.572,145.715,43.132,-112.867
117.0,RADAR,1249.329,78.707,42.012,-144.67
117.0,RADAR,2640.597,12.412,34.426,114.371
117.0,RADAR,10735.265,9.593,32.548,-20.548
117.0,RADAR,3210.522,53.123,22.552,-68.139
117.0,RADAR,14576.489,85.454,16.747,69.266
117.0,RADAR,10107.631,0.439,27.831,-102.492
117.0,RADAR,6253.271,127.143,25.082,-52.538
117.0,RADAR,3343.745,90.987,14.371,165.171
118.0,RADAR,12322.025,3.856,17.41,90.009
118.0,RADAR,13864.071,129.036,28.13,12.997
118.0,RADAR,8973.757,114.964,37.196,38.755
118.0,RADAR,11480.131,50.576,43.954,-187.241
118.0,RADAR,6412.072,158.769,8.124,-143.465
118.0,RADAR,6116.031,77.075,42.003,134.448
118.0,RADAR,7497.255,175.136,28.903,149.463
118.0,RADAR,4444.798,88.014,1.337,-196.448
118.0,RADAR,10876.345,21.293,24.651,78.403
118.0,RADAR,1451.284,80.773,30.787,155.892
119.0,RADAR,10065.675,24.644,16.708,47.883
119.0,RADAR,14899.621,163.551,21.848,89.132
119.0,RADAR,8336.125,136.967,37.214,-190.711
119.0,RADAR,2107.848,60.564,41.293,-40.691
119.0,RADAR,13425.171,83.238,12.998,160.258
119.0,RADAR,8849.391,64.887,1.998,-155.627
119.0,RADAR,2950.345,65.671,27.33,-76.964
119.0,RADAR,1917.387,47.666,18.391,196.908
119.0,RADAR,6501.817,16.055,26.15,167.856
119.0,RADAR,12013.74,150.519,41.77,54.617
119.0,RADAR,14928.918,5.991,37.568,142.804
119.0,RADAR,13833.805,86.071,35.449,-121.968
119.0,RADAR,9443.823,64.556,26.828,70.224
119.0,RADAR,5858.961,38.923,14.476,65.583
119.0,RADAR,10476.239,133.437,5.694,127.407
119.0,RADAR,10634.069,5.491,15.102,-13.315
119.0,RADAR,6048.645,21.135,9.331,-190.175
119.0,RADAR,2303.08,47.934,36.899,10.655
119.0,RADAR,6942.97,119.189,24.368,-147.394
119.0,RADAR,4116.727,40.054,26.998,-15.35
119.0,RADAR,6426.191,100.195,43.655,-74.323
